date,p_BTC,p_ETH,p_SOL,y_BTC,y_ETH,y_SOL
2021-12-29,0.537188,0.50692123,0.53919536,0.0,0.0,0.0
2021-12-30,0.5326019,0.5112614,0.53054625,0.0,0.0,0.0
2021-12-31,0.5315174,0.50919926,0.5268074,0.0,0.0,0.0
2022-01-01,0.5263764,0.51257575,0.5202077,0.0,0.0,0.0
2022-01-02,0.53187966,0.51333034,0.53621346,0.0,0.0,0.0
2022-01-03,0.5367196,0.50902945,0.54710335,0.0,0.0,0.0
2022-01-04,0.53862476,0.5079768,0.55116093,0.0,0.0,0.0
2022-01-05,0.5387666,0.493956,0.54961437,0.0,0.0,0.0
2022-01-06,0.53829706,0.4937201,0.5389997,0.0,0.0,0.0
2022-01-07,0.5407119,0.48572484,0.53186184,0.0,0.0,0.0
2022-01-08,0.53470135,0.49072292,0.52110606,0.0,0.0,0.0
2022-01-09,0.5361114,0.4967158,0.5158423,0.0,0.0,0.0
2022-01-10,0.53555065,0.494397,0.51649517,0.0,0.0,0.0
2022-01-11,0.53195393,0.5003274,0.5087038,0.0,0.0,0.0
2022-01-12,0.52578497,0.50896764,0.51331687,0.0,0.0,0.0
2022-01-13,0.52418214,0.50412,0.5221166,0.0,0.0,0.0
2022-01-14,0.5253978,0.50996614,0.52076805,0.0,0.0,0.0
2022-01-15,0.52890056,0.50692606,0.52259547,0.0,0.0,0.0
2022-01-16,0.5310736,0.50496167,0.52363145,0.0,0.0,0.0
2022-01-17,0.53399277,0.495671,0.5274531,0.0,0.0,0.0
2022-01-18,0.53437877,0.49818203,0.5225064,0.0,0.0,0.0
2022-01-19,0.53720164,0.49255815,0.52229613,0.0,0.0,0.0
2022-01-20,0.54008645,0.48880932,0.52071166,0.0,0.0,0.0
2022-01-21,0.5316206,0.46557048,0.52553385,0.0,0.0,0.0
2022-01-22,0.5467114,0.46428776,0.50746727,0.0,0.0,0.0
2022-01-23,0.53387576,0.47758105,0.4689187,0.0,0.0,0.0
2022-01-24,0.5409921,0.48109686,0.4605614,0.0,0.0,0.0
2022-01-25,0.53710145,0.48525178,0.44883344,0.0,0.0,0.0
2022-01-26,0.53359663,0.48652998,0.4468363,0.0,0.0,0.0
2022-01-27,0.541016,0.48336455,0.45375526,0.0,0.0,0.0
2022-01-28,0.53636044,0.48669213,0.4563103,0.0,0.0,0.0
2022-01-29,0.53226864,0.49003705,0.45881766,0.0,0.0,0.0
2022-01-30,0.5415412,0.48872426,0.4656852,0.0,0.0,0.0
2022-01-31,0.53945255,0.49129927,0.46302316,0.0,0.0,0.0
2022-02-01,0.53819025,0.49552706,0.46211872,0.0,0.0,0.0
2022-02-02,0.5463651,0.48870206,0.4716659,0.0,0.0,0.0
2022-02-03,0.5445788,0.4902629,0.4731524,0.0,0.0,0.0
2022-02-04,0.52263576,0.50544137,0.48041043,0.0,0.0,0.0
2022-02-05,0.53252023,0.51140803,0.50494516,0.0,0.0,0.0
2022-02-06,0.53243166,0.5231472,0.52905583,0.0,0.0,0.0
2022-02-07,0.5301126,0.53813684,0.5499841,0.0,0.0,0.0
2022-02-08,0.5352199,0.5440254,0.56578827,0.0,0.0,0.0
2022-02-09,0.5323445,0.5563521,0.5751197,0.0,0.0,0.0
2022-02-10,0.53478116,0.5490724,0.58364314,0.0,0.0,0.0
2022-02-11,0.5424797,0.5395747,0.575038,0.0,0.0,0.0
2022-02-12,0.5378837,0.54271096,0.5619882,1.0,0.0,0.0
2022-02-13,0.5388041,0.53957343,0.55508316,1.0,0.0,0.0
2022-02-14,0.5336029,0.5437786,0.54748446,1.0,0.0,0.0
2022-02-15,0.52416766,0.552918,0.5438997,1.0,0.0,0.0
2022-02-16,0.529323,0.5474882,0.5586512,1.0,0.0,0.0
2022-02-17,0.5351738,0.52344865,0.5659136,1.0,1.0,1.0
2022-02-18,0.53762054,0.5252408,0.5676247,1.0,1.0,1.0
2022-02-19,0.5326429,0.53557485,0.5648931,1.0,1.0,1.0
2022-02-20,0.5267174,0.5390319,0.5789964,1.0,1.0,1.0
2022-02-21,0.53355765,0.5432606,0.5968392,1.0,1.0,1.0
2022-02-22,0.52971536,0.56340957,0.58913565,1.0,1.0,1.0
2022-02-23,0.5285671,0.5622857,0.5983516,1.0,1.0,1.0
2022-02-24,0.52607006,0.57244295,0.59558856,1.0,1.0,1.0
2022-02-25,0.52297056,0.579672,0.5980261,1.0,1.0,1.0
2022-02-26,0.5244247,0.5750938,0.6065691,1.0,1.0,1.0
2022-02-27,0.52447677,0.5594286,0.60992074,1.0,1.0,1.0
2022-02-28,0.50792134,0.5689334,0.58367294,1.0,1.0,1.0
2022-03-01,0.52167,0.5675649,0.5911447,1.0,1.0,1.0
2022-03-02,0.52681184,0.56031674,0.5941067,1.0,1.0,1.0
2022-03-03,0.53021127,0.5472175,0.6013595,1.0,1.0,1.0
2022-03-04,0.5342153,0.5274506,0.6039048,1.0,1.0,1.0
2022-03-05,0.5276405,0.53613967,0.5924038,1.0,1.0,1.0
2022-03-06,0.5361538,0.5199847,0.5833413,1.0,1.0,1.0
2022-03-07,0.5361912,0.51269466,0.57118887,1.0,1.0,1.0
2022-03-08,0.5209395,0.51200396,0.5487595,1.0,1.0,1.0
2022-03-09,0.5323963,0.5217478,0.537306,1.0,1.0,1.0
2022-03-10,0.53699654,0.49818715,0.5417582,1.0,1.0,1.0
2022-03-11,0.5366996,0.49187723,0.53774107,1.0,1.0,1.0
2022-03-12,0.52851427,0.4940483,0.5352121,1.0,1.0,1.0
2022-03-13,0.53447515,0.4900477,0.54498184,1.0,1.0,1.0
2022-03-14,0.5278395,0.50233847,0.558532,1.0,1.0,1.0
2022-03-15,0.5283899,0.5037754,0.56991976,1.0,1.0,1.0
2022-03-16,0.52619004,0.51760525,0.57192606,1.0,1.0,1.0
2022-03-17,0.5290143,0.51082283,0.5732356,1.0,1.0,1.0
2022-03-18,0.529295,0.5168303,0.58072233,1.0,1.0,1.0
2022-03-19,0.52795845,0.5229974,0.59433043,1.0,1.0,1.0
2022-03-20,0.5291097,0.5182218,0.6097513,1.0,1.0,1.0
2022-03-21,0.53181624,0.5257136,0.6141351,1.0,1.0,1.0
2022-03-22,0.5306847,0.54337204,0.6194431,1.0,1.0,1.0
2022-03-23,0.52562314,0.56021315,0.62866664,1.0,1.0,1.0
2022-03-24,0.5217212,0.57478267,0.63438773,1.0,1.0,1.0
2022-03-25,0.5278572,0.5781243,0.6442941,1.0,1.0,1.0
2022-03-26,0.5264761,0.58810407,0.64335114,1.0,1.0,1.0
2022-03-27,0.52591056,0.59834296,0.6412581,1.0,1.0,1.0
2022-03-28,0.52816904,0.59776795,0.6448754,1.0,1.0,1.0
2022-03-29,0.5256967,0.60427105,0.64625436,1.0,1.0,1.0
2022-03-30,0.52160984,0.60018224,0.6409728,0.0,1.0,1.0
2022-03-31,0.52334744,0.5867299,0.64134705,0.0,1.0,1.0
2022-04-01,0.5280992,0.5926664,0.6342991,0.0,1.0,1.0
2022-04-02,0.5346437,0.58546036,0.6375169,0.0,1.0,1.0
2022-04-03,0.53539455,0.59171236,0.6428127,0.0,1.0,1.0
2022-04-04,0.53953785,0.59075904,0.6468015,0.0,0.0,0.0
2022-04-05,0.5387744,0.58699375,0.6473005,0.0,0.0,0.0
2022-04-06,0.5421612,0.5746895,0.64202285,0.0,0.0,0.0
2022-04-07,0.53723407,0.5855258,0.6276667,0.0,0.0,0.0
2022-04-08,0.5440602,0.57157916,0.61742693,0.0,0.0,0.0
2022-04-09,0.53774273,0.57771677,0.61255234,0.0,0.0,0.0
2022-04-10,0.53843737,0.57339346,0.6126038,0.0,0.0,0.0
2022-04-11,0.5418624,0.55488497,0.6102789,0.0,0.0,0.0
2022-04-12,0.540041,0.5670315,0.6005097,0.0,0.0,0.0
2022-04-13,0.5373107,0.5674043,0.59584326,0.0,0.0,0.0
2022-04-14,0.5380847,0.55440354,0.5958002,0.0,0.0,0.0
2022-04-15,0.53518397,0.55394,0.5940443,0.0,0.0,0.0
2022-04-16,0.53562546,0.550622,0.5911787,0.0,0.0,0.0
2022-04-17,0.5344504,0.54313004,0.5912811,0.0,0.0,0.0
2022-04-18,0.5312261,0.54579854,0.58501655,0.0,0.0,0.0
2022-04-19,0.53336114,0.54709786,0.5822903,0.0,0.0,0.0
2022-04-20,0.53445643,0.54360914,0.59232324,0.0,0.0,0.0
2022-04-21,0.5337526,0.5373138,0.5956921,0.0,0.0,0.0
2022-04-22,0.5351823,0.53283143,0.5940071,0.0,0.0,0.0
2022-04-23,0.5357341,0.5299191,0.5873974,0.0,0.0,0.0
2022-04-24,0.5392088,0.52518,0.584286,0.0,0.0,0.0
2022-04-25,0.5386278,0.52830327,0.58086973,0.0,0.0,0.0
2022-04-26,0.53321064,0.5086243,0.57353425,0.0,0.0,0.0
2022-04-27,0.53534454,0.5117466,0.5601488,0.0,0.0,0.0
2022-04-28,0.5358242,0.5100288,0.55115396,0.0,0.0,0.0
2022-04-29,0.5364417,0.5008676,0.541464,0.0,0.0,0.0
2022-04-30,0.5476065,0.49604237,0.5325038,0.0,0.0,0.0
2022-05-01,0.53963816,0.49940935,0.51323515,0.0,0.0,0.0
2022-05-02,0.54513645,0.49663928,0.5076999,0.0,0.0,0.0
2022-05-03,0.53940994,0.49245787,0.49762607,0.0,0.0,0.0
2022-05-04,0.52758974,0.4983692,0.49210322,0.0,0.0,0.0
2022-05-05,0.538965,0.48524797,0.4988538,0.0,0.0,0.0
2022-05-06,0.5370805,0.48581195,0.4990738,0.0,0.0,0.0
2022-05-07,0.5413347,0.48355213,0.49705815,0.0,0.0,0.0
2022-05-08,0.5357022,0.4816579,0.4940593,0.0,0.0,0.0
2022-05-09,0.55012816,0.46669176,0.4969741,0.0,0.0,0.0
2022-05-10,0.5463127,0.47403187,0.4689753,0.0,0.0,0.0
2022-05-11,0.563181,0.46391317,0.47135645,0.0,0.0,0.0
2022-05-12,0.55972034,0.46623033,0.45562592,0.0,0.0,0.0
2022-05-13,0.54600585,0.4766899,0.43242806,0.0,0.0,0.0
2022-05-14,0.53571594,0.48403716,0.42720607,0.0,0.0,0.0
2022-05-15,0.52316415,0.49018633,0.42874864,0.0,0.0,0.0
2022-05-16,0.54103774,0.48751613,0.43802518,0.0,0.0,0.0
2022-05-17,0.53008235,0.48867622,0.43673214,0.0,0.0,0.0
2022-05-18,0.5474266,0.48012638,0.44521767,0.0,0.0,0.0
2022-05-19,0.5338204,0.48399734,0.43477157,0.0,0.0,0.0
2022-05-20,0.537346,0.48156655,0.43974823,0.0,0.0,0.0
2022-05-21,0.5373289,0.48379675,0.4390084,0.0,0.0,0.0
2022-05-22,0.5311563,0.4864677,0.43998712,0.0,0.0,0.0
2022-05-23,0.54182744,0.47994822,0.44943342,0.0,0.0,0.0
2022-05-24,0.5383867,0.48224598,0.45077214,0.0,0.0,0.0
2022-05-25,0.53900313,0.48155937,0.45659068,0.0,0.0,0.0
2022-05-26,0.54467964,0.47532728,0.4683854,0.0,0.0,0.0
2022-05-27,0.54362786,0.47482684,0.4683778,0.0,0.0,0.0
2022-05-28,0.5370829,0.48054573,0.46317977,0.0,0.0,0.0
2022-05-29,0.5326647,0.48362294,0.46634373,0.0,0.0,0.0
2022-05-30,0.52561796,0.49483395,0.4757212,0.0,0.0,0.0
2022-05-31,0.53110725,0.49002805,0.48648494,0.0,0.0,0.0
2022-06-01,0.53726166,0.47946662,0.4982631,0.0,0.0,0.0
2022-06-02,0.5344784,0.4853677,0.49549994,0.0,0.0,0.0
2022-06-03,0.53844154,0.48222828,0.49534136,0.0,0.0,0.0
2022-06-04,0.53641486,0.48484993,0.4951448,0.0,0.0,0.0
2022-06-05,0.5372708,0.4868936,0.49767223,0.0,0.0,0.0
2022-06-06,0.53008956,0.4954604,0.49805915,0.0,0.0,0.0
2022-06-07,0.53822577,0.4945737,0.50839746,0.0,0.0,0.0
2022-06-08,0.5359252,0.49822226,0.5227885,0.0,0.0,0.0
2022-06-09,0.53392684,0.50578886,0.52905965,0.0,0.0,0.0
2022-06-10,0.5347983,0.5021074,0.5495855,0.0,0.0,0.0
2022-06-11,0.5352509,0.5006237,0.5600989,0.0,0.0,0.0
2022-06-12,0.5369292,0.49640316,0.5584394,0.0,0.0,0.0
2022-06-13,0.5296515,0.47684112,0.5569985,0.0,0.0,0.0
2022-06-14,0.5405678,0.4746162,0.5310504,0.0,0.0,0.0
2022-06-15,0.5318973,0.47836944,0.5148695,0.0,0.0,0.0
2022-06-16,0.54170287,0.46557203,0.51804566,0.0,0.0,0.0
2022-06-17,0.53688914,0.47122702,0.5040419,0.0,0.0,0.0
2022-06-18,0.5363017,0.46347177,0.5040973,0.0,0.0,0.0
2022-06-19,0.53093743,0.47543427,0.4943448,0.0,0.0,0.0
2022-06-20,0.5327439,0.4749549,0.4989139,0.0,0.0,0.0
2022-06-21,0.5334505,0.47411224,0.49926484,0.0,0.0,0.0
2022-06-22,0.5399571,0.46564707,0.5063556,0.0,0.0,0.0
2022-06-23,0.53029686,0.47646615,0.49611422,0.0,0.0,0.0
2022-06-24,0.5317977,0.48058373,0.49956086,0.0,0.0,0.0
2022-06-25,0.53436667,0.48050946,0.51045865,0.0,0.0,0.0
2022-06-26,0.5388111,0.47358444,0.52237463,0.0,0.0,0.0
2022-06-27,0.5420455,0.471464,0.52317154,0.0,0.0,0.0
2022-06-28,0.54596627,0.46897897,0.5235027,0.0,0.0,0.0
2022-06-29,0.5421836,0.4706263,0.5154636,1.0,1.0,1.0
2022-06-30,0.54006577,0.47009987,0.5123074,1.0,1.0,1.0
2022-07-01,0.5383296,0.47343674,0.51550657,1.0,1.0,1.0
2022-07-02,0.5365628,0.48011842,0.5152695,1.0,1.0,1.0
2022-07-03,0.53719187,0.48689768,0.52057207,1.0,1.0,1.0
2022-07-04,0.5323048,0.5015548,0.5232715,1.0,1.0,1.0
2022-07-05,0.535464,0.5002206,0.5296768,1.0,1.0,1.0
2022-07-06,0.53409225,0.5070184,0.5294674,1.0,1.0,1.0
2022-07-07,0.5339449,0.5143562,0.5383392,1.0,1.0,1.0
2022-07-08,0.5339299,0.51270413,0.54770744,1.0,1.0,1.0
2022-07-09,0.53495777,0.5175959,0.55392593,1.0,1.0,1.0
2022-07-10,0.5344276,0.5178963,0.5638205,1.0,1.0,1.0
2022-07-11,0.53831923,0.51597404,0.5721074,1.0,1.0,1.0
2022-07-12,0.5344936,0.51798445,0.57884073,1.0,1.0,1.0
2022-07-13,0.5365355,0.5409841,0.5897238,1.0,1.0,1.0
2022-07-14,0.5331431,0.5583652,0.5989441,1.0,1.0,1.0
2022-07-15,0.5316029,0.5658516,0.60477525,1.0,1.0,1.0
2022-07-16,0.5298407,0.5823043,0.60810685,1.0,1.0,1.0
2022-07-17,0.52636606,0.5792402,0.61839193,1.0,1.0,1.0
2022-07-18,0.5194194,0.6036863,0.6081492,1.0,1.0,1.0
2022-07-19,0.513472,0.59551257,0.6135811,1.0,1.0,1.0
2022-07-20,0.51644826,0.58752936,0.6192437,1.0,1.0,1.0
2022-07-21,0.5158954,0.58991766,0.6141654,1.0,1.0,1.0
2022-07-22,0.51762885,0.58329946,0.6210799,1.0,1.0,1.0
2022-07-23,0.5176486,0.5834264,0.61667037,1.0,1.0,1.0
2022-07-24,0.5169583,0.5875228,0.61091304,1.0,1.0,1.0
2022-07-25,0.5169867,0.56575316,0.61715436,1.0,1.0,1.0
2022-07-26,0.5194875,0.5731008,0.6093759,1.0,1.0,1.0
2022-07-27,0.51452655,0.587241,0.5949302,1.0,1.0,1.0
2022-07-28,0.51353014,0.5886071,0.5978192,1.0,1.0,1.0
2022-07-29,0.5153598,0.58137566,0.60698366,1.0,1.0,1.0
2022-07-30,0.5138641,0.5802874,0.6095899,1.0,1.0,1.0
2022-07-31,0.51688594,0.5771974,0.61626476,1.0,1.0,1.0
2022-08-01,0.5188346,0.5809682,0.6237487,1.0,1.0,1.0
2022-08-02,0.5234511,0.582773,0.6259413,1.0,1.0,1.0
2022-08-03,0.5249009,0.5835255,0.6249324,1.0,1.0,1.0
2022-08-04,0.52407974,0.5852873,0.6231657,1.0,1.0,1.0
2022-08-05,0.52443004,0.5914999,0.6156996,1.0,1.0,1.0
2022-08-06,0.52263635,0.5817934,0.61731064,1.0,1.0,1.0
2022-08-07,0.5231765,0.5815906,0.61504304,1.0,1.0,1.0
2022-08-08,0.52472115,0.5864402,0.61516726,1.0,1.0,1.0
2022-08-09,0.52620405,0.5758213,0.62170255,1.0,1.0,1.0
2022-08-10,0.5296475,0.5898274,0.62198716,1.0,1.0,1.0
2022-08-11,0.528847,0.5882311,0.6273109,1.0,1.0,1.0
2022-08-12,0.5282589,0.5944535,0.62619126,1.0,1.0,1.0
2022-08-13,0.5276867,0.5916707,0.6270943,1.0,1.0,1.0
2022-08-14,0.53024095,0.5845838,0.63025594,0.0,0.0,0.0
2022-08-15,0.5311836,0.5808049,0.6267226,0.0,0.0,0.0
2022-08-16,0.5319019,0.5795978,0.6260394,0.0,0.0,0.0
2022-08-17,0.5340153,0.57171434,0.62060934,0.0,0.0,0.0
2022-08-18,0.53577286,0.56890357,0.6116502,0.0,0.0,0.0
2022-08-19,0.52947056,0.53850484,0.60909843,0.0,0.0,0.0
2022-08-20,0.53460115,0.5410238,0.592193,0.0,0.0,0.0
2022-08-21,0.5305102,0.54258245,0.58066195,0.0,0.0,0.0
2022-08-22,0.53324354,0.5360557,0.5808401,0.0,0.0,0.0
2022-08-23,0.5332197,0.53546166,0.5771629,0.0,0.0,0.0
2022-08-24,0.5350865,0.53254575,0.5850341,0.0,0.0,0.0
2022-08-25,0.5349819,0.53771347,0.5861117,0.0,0.0,0.0
2022-08-26,0.5344668,0.516601,0.585438,0.0,0.0,0.0
2022-08-27,0.5354661,0.5193961,0.5699624,0.0,0.0,0.0
2022-08-28,0.534293,0.51461,0.5625625,0.0,0.0,0.0
2022-08-29,0.53085846,0.5209592,0.5465907,0.0,0.0,0.0
2022-08-30,0.53432965,0.511448,0.5486401,0.0,0.0,0.0
2022-08-31,0.5348542,0.511817,0.54599494,0.0,0.0,0.0
2022-09-01,0.533257,0.5127278,0.5457293,0.0,0.0,0.0
2022-09-02,0.53446156,0.5137132,0.5519927,0.0,0.0,0.0
2022-09-03,0.5347492,0.517473,0.55407274,0.0,0.0,0.0
2022-09-04,0.5324069,0.52286005,0.5502331,0.0,0.0,0.0
2022-09-05,0.5344013,0.5250632,0.55197036,0.0,0.0,0.0
2022-09-06,0.5372437,0.51594776,0.55551696,0.0,0.0,0.0
2022-09-07,0.53524584,0.52254593,0.5440975,0.0,0.0,0.0
2022-09-08,0.5330135,0.5230983,0.54516613,0.0,0.0,0.0
2022-09-09,0.53268945,0.531565,0.5454081,0.0,0.0,0.0
2022-09-10,0.5351974,0.5319317,0.55323744,0.0,0.0,0.0
2022-09-11,0.5371035,0.5314837,0.55561167,0.0,0.0,0.0
2022-09-12,0.5306623,0.5327754,0.5555305,0.0,0.0,0.0
2022-09-13,0.5455576,0.51284105,0.5614426,0.0,0.0,0.0
2022-09-14,0.5434009,0.51653296,0.5514288,0.0,0.0,0.0
2022-09-15,0.54012996,0.50508165,0.54964286,0.0,0.0,0.0
2022-09-16,0.54006594,0.50552016,0.54295266,0.0,0.0,0.0
2022-09-17,0.5368532,0.50825346,0.53825706,0.0,0.0,0.0
2022-09-18,0.541989,0.4965656,0.548895,0.0,0.0,0.0
2022-09-19,0.53802073,0.5040156,0.54224455,0.0,0.0,0.0
2022-09-20,0.49312845,0.5014762,0.478246,0.0,0.0,0.0
2022-09-21,0.4871599,0.4948563,0.47291356,0.0,0.0,0.0
2022-09-22,0.49376494,0.5111032,0.48720908,0.0,0.0,0.0
2022-09-23,0.49761474,0.50956327,0.4861577,0.0,0.0,0.0
2022-09-24,0.4939677,0.50596386,0.47893533,0.0,0.0,0.0
2022-09-25,0.4988581,0.5052674,0.47851962,0.0,0.0,0.0
2022-09-26,0.50993085,0.51758486,0.48883682,0.0,0.0,0.0
2022-09-27,0.51656014,0.5148979,0.49855044,0.0,0.0,0.0
2022-09-28,0.51682407,0.52343863,0.5107885,0.0,0.0,0.0
2022-09-29,0.5244337,0.5371824,0.52064574,0.0,0.0,0.0
2022-09-30,0.5264,0.54174435,0.5222205,0.0,0.0,0.0
2022-10-01,0.51996416,0.5389298,0.5188583,0.0,0.0,0.0
2022-10-02,0.5149691,0.54409856,0.51463664,0.0,0.0,0.0
2022-10-03,0.52099043,0.562644,0.5248392,0.0,0.0,0.0
2022-10-04,0.52771145,0.57526016,0.53277653,0.0,0.0,0.0
2022-10-05,0.53155684,0.57950467,0.52869207,0.0,0.0,0.0
2022-10-06,0.5425932,0.5902033,0.53906226,0.0,0.0,0.0
2022-10-07,0.5387666,0.58891386,0.5382538,0.0,0.0,0.0
2022-10-08,0.5331172,0.58822197,0.5373398,0.0,0.0,0.0
2022-10-09,0.52066135,0.58346355,0.52990544,0.0,0.0,0.0
2022-10-10,0.5074129,0.5733928,0.51522934,0.0,0.0,0.0
2022-10-11,0.49869427,0.5677998,0.5064104,0.0,0.0,0.0
2022-10-12,0.48898694,0.56334114,0.5054471,0.0,0.0,0.0
2022-10-13,0.5007177,0.5649934,0.51548225,0.0,0.0,0.0
2022-10-14,0.5011216,0.56316745,0.5168886,0.0,0.0,0.0
2022-10-15,0.50613886,0.56401277,0.5218622,0.0,0.0,0.0
2022-10-16,0.51776326,0.57392675,0.5340025,0.0,0.0,0.0
2022-10-17,0.52620035,0.58008415,0.5458899,0.0,0.0,0.0
2022-10-18,0.54039335,0.583263,0.5500622,0.0,0.0,0.0
2022-10-19,0.53681946,0.5749805,0.5510512,0.0,0.0,0.0
2022-10-20,0.5353061,0.5708689,0.5557954,0.0,0.0,0.0
2022-10-21,0.5445073,0.5774596,0.5688914,0.0,0.0,0.0
2022-10-22,0.54297125,0.57996035,0.5687321,0.0,0.0,0.0
2022-10-23,0.54598516,0.5839976,0.5790836,0.0,0.0,0.0
2022-10-24,0.54458946,0.5752248,0.57168084,0.0,0.0,0.0
2022-10-25,0.55776256,0.5858094,0.5959836,0.0,0.0,0.0
2022-10-26,0.5667778,0.59045064,0.6079038,0.0,0.0,0.0
2022-10-27,0.5715742,0.5774826,0.59005666,0.0,0.0,0.0
2022-10-28,0.5735185,0.5820222,0.5951532,0.0,0.0,0.0
2022-10-29,0.58024484,0.5872407,0.60057396,0.0,0.0,0.0
2022-10-30,0.58284384,0.58114946,0.5928631,0.0,0.0,0.0
2022-10-31,0.58649945,0.5808026,0.591387,0.0,0.0,0.0
2022-11-01,0.59145,0.58342904,0.597948,0.0,0.0,0.0
2022-11-02,0.5796644,0.56863606,0.5858923,0.0,0.0,0.0
2022-11-03,0.57087755,0.5688348,0.58431673,0.0,0.0,0.0
2022-11-04,0.5828763,0.5909836,0.60546774,0.0,0.0,0.0
2022-11-05,0.5962759,0.5932443,0.60229695,0.0,0.0,0.0
2022-11-06,0.5822873,0.5630758,0.5839447,0.0,0.0,0.0
2022-11-07,0.56470346,0.5424109,0.5677058,0.0,0.0,0.0
2022-11-08,0.5249207,0.48195732,0.5137161,0.0,0.0,0.0
2022-11-09,0.46583098,0.4181069,0.47865868,0.0,0.0,0.0
2022-11-10,0.4593697,0.4547161,0.48911723,0.0,0.0,0.0
2022-11-11,0.44208506,0.43507454,0.47452685,0.0,0.0,0.0
2022-11-12,0.43295407,0.4307085,0.46346253,0.0,0.0,0.0
2022-11-13,0.42596108,0.43015882,0.45838806,0.0,0.0,0.0
2022-11-14,0.42879584,0.44042113,0.46173692,0.0,0.0,0.0
2022-11-15,0.4292386,0.44123942,0.46052468,0.0,0.0,0.0
2022-11-16,0.42607254,0.44148257,0.4537214,0.0,0.0,0.0
2022-11-17,0.4277142,0.44105256,0.45040008,0.0,0.0,0.0
2022-11-18,0.43083,0.44569048,0.4520354,0.0,0.0,0.0
2022-11-19,0.43574178,0.45001596,0.45690772,0.0,0.0,0.0
2022-11-20,0.43415624,0.44368693,0.45314577,0.0,0.0,0.0
2022-11-21,0.42923597,0.44277796,0.44398305,0.0,0.0,0.0
2022-11-22,0.42804542,0.4547786,0.4443505,0.0,0.0,0.0
2022-11-23,0.43699554,0.47244933,0.4594595,0.0,0.0,0.0
2022-11-24,0.4360222,0.48130748,0.46243522,0.0,0.0,0.0
2022-11-25,0.4305427,0.48193195,0.4586113,0.0,0.0,0.0
2022-11-26,0.43350026,0.4882156,0.46325037,0.0,0.0,0.0
2022-11-27,0.43063334,0.4872111,0.46304262,0.0,0.0,0.0
2022-11-28,0.4235136,0.48180127,0.4534176,0.0,0.0,0.0
2022-11-29,0.4275395,0.49004608,0.46305138,0.0,0.0,0.0
2022-11-30,0.44189063,0.50109226,0.48370993,0.0,0.0,0.0
2022-12-01,0.44579712,0.4947188,0.48163867,0.0,0.0,0.0
2022-12-02,0.4545175,0.49979994,0.49332884,0.0,0.0,0.0
2022-12-03,0.45282912,0.49159855,0.4868589,0.0,0.0,0.0
2022-12-04,0.44283044,0.4946945,0.4810247,0.0,0.0,0.0
2022-12-05,0.43735126,0.49181396,0.4708799,0.0,0.0,0.0
2022-12-06,0.44351006,0.49528334,0.4765628,0.0,0.0,0.0
2022-12-07,0.4458601,0.49062303,0.47010142,0.0,0.0,0.0
2022-12-08,0.48408717,0.5122219,0.515586,0.0,0.0,0.0
2022-12-09,0.5508605,0.53707427,0.56333524,0.0,0.0,0.0
2022-12-10,0.56068057,0.55348057,0.58257717,0.0,0.0,0.0
2022-12-11,0.5728888,0.5660293,0.5978273,0.0,0.0,0.0
2022-12-12,0.58588296,0.5796948,0.612782,0.0,0.0,0.0
2022-12-13,0.60524476,0.5988816,0.6340495,0.0,0.0,0.0
2022-12-14,0.61325455,0.60422707,0.6371916,0.0,0.0,0.0
2022-12-15,0.6132681,0.6040459,0.6303879,0.0,0.0,1.0
2022-12-16,0.5904724,0.58127993,0.6030919,0.0,0.0,1.0
2022-12-17,0.586483,0.58648604,0.6045586,0.0,0.0,1.0
2022-12-18,0.5836442,0.5870393,0.60131717,0.0,0.0,1.0
2022-12-19,0.5793959,0.58252245,0.59187484,0.0,0.0,1.0
2022-12-20,0.5914871,0.59530836,0.60997117,0.0,0.0,1.0
2022-12-21,0.6044406,0.5984041,0.6168296,0.0,0.0,1.0
2022-12-22,0.60181046,0.5978409,0.61613154,0.0,0.0,1.0
2022-12-23,0.59241307,0.5924463,0.6096447,0.0,0.0,1.0
2022-12-24,0.5826547,0.5874748,0.6024444,0.0,0.0,1.0
2022-12-25,0.5798512,0.58574194,0.59670657,0.0,0.0,1.0
2022-12-26,0.57791156,0.5850368,0.59463084,0.0,0.0,1.0
2022-12-27,0.57537633,0.57953125,0.58782697,0.0,0.0,1.0
2022-12-28,0.5675636,0.5712405,0.5816736,0.0,0.0,1.0
2022-12-29,0.5626263,0.5699521,0.580926,0.0,0.0,1.0
2022-12-30,0.55325073,0.56934047,0.57389224,0.0,0.0,1.0
2022-12-31,0.54850715,0.56901807,0.5660605,0.0,0.0,1.0
2023-01-01,0.5449161,0.56917113,0.5623563,0.0,0.0,1.0
2023-01-02,0.5520677,0.57436633,0.5650498,0.0,0.0,1.0
2023-01-03,0.5601232,0.58119714,0.5668535,0.0,0.0,1.0
2023-01-04,0.5667758,0.5863282,0.5762001,0.0,0.0,1.0
2023-01-05,0.5697534,0.58679175,0.57523406,0.0,0.0,1.0
2023-01-06,0.5743058,0.5864854,0.5818649,0.0,0.0,1.0
2023-01-07,0.5713309,0.58396614,0.57712346,0.0,0.0,1.0
2023-01-08,0.57555413,0.58809096,0.5818368,0.0,0.0,1.0
2023-01-09,0.58602756,0.59812886,0.58763266,0.0,0.0,1.0
2023-01-10,0.5901922,0.6009378,0.5935743,0.0,0.0,1.0
2023-01-11,0.59867096,0.6116721,0.6075817,0.0,0.0,1.0
2023-01-12,0.5999432,0.61097693,0.614274,0.0,0.0,1.0
2023-01-13,0.6123498,0.62166417,0.6268065,0.0,0.0,1.0
2023-01-14,0.6362309,0.63713634,0.64593035,0.0,0.0,1.0
2023-01-15,0.66050863,0.63850343,0.6528223,0.0,0.0,1.0
2023-01-16,0.6662691,0.6403594,0.65743214,0.0,0.0,1.0
2023-01-17,0.6688347,0.64486176,0.6580767,0.0,0.0,1.0
2023-01-18,0.6588341,0.6314048,0.6456526,0.0,0.0,1.0
2023-01-19,0.65670615,0.63799,0.6470581,0.0,0.0,1.0
2023-01-20,0.66079515,0.6524797,0.66009533,0.0,0.0,1.0
2023-01-21,0.6645877,0.6455309,0.6553149,0.0,0.0,1.0
2023-01-22,0.6671403,0.64521223,0.6545137,0.0,0.0,1.0
2023-01-23,0.6660372,0.6450932,0.6559227,0.0,0.0,1.0
2023-01-24,0.6557275,0.63347995,0.6438063,0.0,0.0,1.0
2023-01-25,0.659095,0.6394714,0.6470081,0.0,0.0,1.0
2023-01-26,0.65689766,0.6363377,0.6439576,0.0,0.0,1.0
2023-01-27,0.65741396,0.6400009,0.64474183,0.0,0.0,1.0
2023-01-28,0.6575853,0.6400048,0.644778,0.0,0.0,1.0
2023-01-29,0.6630994,0.64772457,0.6556281,0.0,0.0,1.0
2023-01-30,0.6560409,0.63347507,0.6402476,0.0,0.0,1.0
2023-01-31,0.65300274,0.6358608,0.64176345,0.0,0.0,1.0
2023-02-01,0.65361464,0.63958544,0.64762735,0.0,0.0,1.0
2023-02-02,0.6495657,0.63174564,0.64237344,0.0,0.0,1.0
2023-02-03,0.64568394,0.6307851,0.6399463,0.0,0.0,1.0
2023-02-04,0.6396953,0.62856144,0.6354351,0.0,0.0,1.0
2023-02-05,0.63049144,0.6173847,0.62392354,0.0,0.0,1.0
2023-02-06,0.622799,0.61131907,0.61479324,0.0,0.0,1.0
2023-02-07,0.62063617,0.62007105,0.6198879,0.0,0.0,1.0
2023-02-08,0.6111252,0.60561943,0.60609555,0.0,0.0,1.0
2023-02-09,0.5840906,0.56355387,0.5674189,0.0,0.0,1.0
2023-02-10,0.5632238,0.5493826,0.5408399,0.0,0.0,1.0
2023-02-11,0.5514287,0.55523604,0.5324748,0.0,0.0,1.0
2023-02-12,0.536725,0.54308265,0.5144266,0.0,0.0,1.0
2023-02-13,0.5149554,0.52565175,0.49739462,0.0,0.0,1.0
2023-02-14,0.511039,0.53049564,0.49574137,0.0,0.0,1.0
2023-02-15,0.52162325,0.5489678,0.5272822,0.0,0.0,1.0
2023-02-16,0.52037215,0.52447325,0.49199885,0.0,0.0,1.0
2023-02-17,0.5319222,0.5353833,0.50095975,0.0,0.0,1.0
2023-02-18,0.5325294,0.5302746,0.490342,0.0,0.0,1.0
2023-02-19,0.5234507,0.5224866,0.4748165,0.0,0.0,1.0
2023-02-20,0.52406913,0.5214617,0.47630775,0.0,0.0,1.0
2023-02-21,0.5155209,0.5034967,0.4604995,0.0,0.0,0.0
2023-02-22,0.50837314,0.49552113,0.45141393,0.0,0.0,0.0
2023-02-23,0.5082439,0.49962714,0.45527488,0.0,0.0,0.0
2023-02-24,0.49684855,0.49119872,0.44572732,0.0,0.0,0.0
2023-02-25,0.49067602,0.48966283,0.4459294,0.0,0.0,0.0
2023-02-26,0.49092072,0.49879527,0.45002258,0.0,0.0,0.0
2023-02-27,0.48621732,0.4932189,0.44276276,0.0,0.0,0.0
2023-02-28,0.4756565,0.48693633,0.43141085,0.0,0.0,0.0
2023-03-01,0.4818333,0.5041566,0.44825527,0.0,0.0,0.0
2023-03-02,0.47849715,0.50334585,0.44881648,0.0,0.0,0.0
2023-03-03,0.46684137,0.490499,0.43633693,0.0,0.0,0.0
2023-03-04,0.4621864,0.49303976,0.43851006,0.0,0.0,0.0
2023-03-05,0.4599702,0.498201,0.44199723,0.0,0.0,0.0
2023-03-06,0.45924702,0.50250864,0.44252422,0.0,0.0,0.0
2023-03-07,0.45873675,0.50491923,0.4473303,0.0,0.0,0.0
2023-03-08,0.45272526,0.49450174,0.44356325,0.0,0.0,0.0
2023-03-09,0.4401748,0.47616747,0.42255163,0.0,0.0,0.0
2023-03-10,0.44073704,0.4821334,0.4292711,0.0,0.0,0.0
2023-03-11,0.45119363,0.48816082,0.441309,0.0,0.0,0.0
2023-03-12,0.48064253,0.50823784,0.4757923,0.0,0.0,0.0
2023-03-13,0.49795395,0.5151938,0.49487182,0.0,0.0,0.0
2023-03-14,0.50926214,0.51465803,0.4905863,0.0,0.0,0.0
2023-03-15,0.50850135,0.49832088,0.4778139,0.0,0.0,0.0
2023-03-16,0.5093537,0.50249237,0.48086533,0.0,0.0,0.0
2023-03-17,0.51453894,0.5188471,0.5024391,0.0,0.0,0.0
2023-03-18,0.5150043,0.5054518,0.48922786,0.0,0.0,0.0
2023-03-19,0.51281565,0.5068177,0.48999313,0.0,0.0,0.0
2023-03-20,0.50699425,0.49601713,0.4789804,0.0,0.0,0.0
2023-03-21,0.50979877,0.50338936,0.4870008,0.0,0.0,0.0
2023-03-22,0.49852303,0.48556942,0.47776666,0.0,0.0,0.0
2023-03-23,0.50326324,0.50086915,0.49056312,0.0,0.0,0.0
2023-03-24,0.49552295,0.48822865,0.4800027,0.0,0.0,0.0
2023-03-25,0.5001029,0.49421293,0.4896729,0.0,0.0,0.0
2023-03-26,0.5104314,0.50738204,0.50730073,0.0,0.0,0.0
2023-03-27,0.508818,0.49965495,0.50490814,0.0,0.0,0.0
2023-03-28,0.50852543,0.50997895,0.509562,0.0,0.0,0.0
2023-03-29,0.5111892,0.5186521,0.5202074,0.0,0.0,0.0
2023-03-30,0.5151103,0.5183195,0.51661026,0.0,0.0,0.0
2023-03-31,0.514933,0.52551186,0.5219254,0.0,0.0,0.0
2023-04-01,0.5154368,0.5272157,0.52244407,0.0,0.0,0.0
2023-04-02,0.51986736,0.5266895,0.5247353,0.0,0.0,0.0
2023-04-03,0.52423453,0.53429997,0.53060186,0.0,0.0,0.0
2023-04-04,0.53180975,0.54725695,0.54354733,0.0,0.0,0.0
2023-04-05,0.5360577,0.5540684,0.5480854,0.0,0.0,0.0
2023-04-06,0.53608215,0.5509815,0.54808384,0.0,0.0,0.0
2023-04-07,0.54542476,0.56069744,0.557195,0.0,0.0,0.0
2023-04-08,0.5580258,0.57031614,0.5700883,0.0,0.0,0.0
2023-04-09,0.57073647,0.58320236,0.58962566,0.0,0.0,0.0
2023-04-10,0.5829062,0.59745675,0.61536884,0.0,0.0,0.0
2023-04-11,0.58642536,0.6046714,0.61766154,0.0,0.0,0.0
2023-04-12,0.58645296,0.6033269,0.6134678,0.0,0.0,0.0
2023-04-13,0.5869884,0.60487777,0.6210986,0.0,0.0,0.0
2023-04-14,0.5970518,0.60798013,0.62812567,0.0,0.0,0.0
2023-04-15,0.59473175,0.60165846,0.6222025,0.0,0.0,0.0
2023-04-16,0.58754665,0.6002675,0.6167149,0.0,0.0,0.0
2023-04-17,0.57633966,0.58307016,0.59771955,0.0,0.0,0.0
2023-04-18,0.5668698,0.5877697,0.59591705,0.0,0.0,0.0
2023-04-19,0.5431489,0.53938216,0.5486306,0.0,0.0,0.0
2023-04-20,0.52260685,0.5286098,0.52917373,0.0,0.0,0.0
2023-04-21,0.50624305,0.50372857,0.5068504,0.0,0.0,0.0
2023-04-22,0.49571955,0.50718695,0.50251585,0.0,0.0,0.0
2023-04-23,0.491455,0.49998856,0.4939751,0.0,0.0,0.0
2023-04-24,0.48868224,0.49543732,0.48998877,0.0,0.0,0.0
2023-04-25,0.49134433,0.5030307,0.49764815,0.0,0.0,0.0
2023-04-26,0.49856076,0.5027921,0.5045187,0.0,0.0,0.0
2023-04-27,0.50827974,0.51713586,0.5191015,0.0,0.0,0.0
2023-04-28,0.50602907,0.5189687,0.5095757,0.0,0.0,0.0
2023-04-29,0.5095753,0.5232054,0.5083355,0.0,0.0,0.0
2023-04-30,0.5034876,0.5172526,0.50009483,0.0,0.0,0.0
2023-05-01,0.49545214,0.50928646,0.48758253,0.0,0.0,0.0
2023-05-02,0.50115883,0.51846087,0.49770707,0.0,0.0,0.0
2023-05-03,0.5122956,0.5375883,0.51579654,0.0,0.0,0.0
2023-05-04,0.5116795,0.5403942,0.51418084,0.0,0.0,0.0
2023-05-05,0.5294605,0.5615599,0.5399189,0.0,0.0,0.0
2023-05-06,0.5281654,0.5445568,0.52759284,0.0,0.0,0.0
2023-05-07,0.5244902,0.5407826,0.52520573,0.0,0.0,0.0
2023-05-08,0.51608765,0.5314354,0.51677877,0.0,0.0,0.0
2023-05-09,0.50965905,0.5318722,0.5154588,0.0,0.0,0.0
2023-05-10,0.50157726,0.5285672,0.51137924,0.0,0.0,0.0
2023-05-11,0.4772171,0.5104273,0.49540105,0.0,0.0,0.0
2023-05-12,0.46761373,0.5126448,0.4950717,0.0,0.0,0.0
2023-05-13,0.45734513,0.5058847,0.48918056,0.0,0.0,0.0
2023-05-14,0.45043892,0.5043064,0.48574892,0.0,0.0,0.0
2023-05-15,0.45100248,0.5045454,0.48836064,0.0,0.0,0.0
2023-05-16,0.44408104,0.50184494,0.48433384,0.0,0.0,0.0
2023-05-17,0.4496346,0.5054308,0.49072647,0.0,0.0,0.0
2023-05-18,0.44319823,0.49851573,0.4792878,0.0,0.0,0.0
2023-05-19,0.4586605,0.5163962,0.49632394,0.0,0.0,0.0
2023-05-20,0.4741757,0.53528583,0.50725967,0.0,0.0,0.0
2023-05-21,0.48790243,0.5445163,0.51133704,0.0,0.0,0.0
2023-05-22,0.49202216,0.553235,0.5182346,0.0,0.0,0.0
2023-05-23,0.5040992,0.5628643,0.5309886,0.0,0.0,0.0
2023-05-24,0.50008404,0.55071557,0.514534,0.0,0.0,0.0
2023-05-25,0.49336883,0.5515261,0.51615316,0.0,0.0,0.0
2023-05-26,0.49818107,0.5558828,0.5229773,0.0,0.0,0.0
2023-05-27,0.5007805,0.55808985,0.52403396,0.0,0.0,0.0
2023-05-28,0.5101209,0.5651955,0.542544,0.0,0.0,0.0
2023-05-29,0.507391,0.5518738,0.531163,0.0,0.0,0.0
2023-05-30,0.50852627,0.5515294,0.5289231,0.0,0.0,0.0
2023-05-31,0.50386924,0.5387501,0.51595706,0.0,0.0,1.0
2023-06-01,0.49506307,0.53355545,0.5032045,0.0,0.0,1.0
2023-06-02,0.49695322,0.53924847,0.5058555,0.0,0.0,1.0
2023-06-03,0.49835894,0.5355871,0.49457628,0.0,0.0,1.0
2023-06-04,0.49021122,0.53256434,0.48562878,0.0,0.0,1.0
2023-06-05,0.473546,0.5018036,0.4599234,0.0,0.0,1.0
2023-06-06,0.4823238,0.512997,0.47391593,0.0,0.0,1.0
2023-06-07,0.47223943,0.49064118,0.45647746,0.0,0.0,1.0
2023-06-08,0.47034824,0.49296618,0.45414796,0.0,0.0,1.0
2023-06-09,0.456672,0.47811973,0.44792798,0.0,0.0,1.0
2023-06-10,0.44086054,0.45274115,0.43960202,0.0,0.0,1.0
2023-06-11,0.43238875,0.45904768,0.43575242,0.0,0.0,1.0
2023-06-12,0.4441826,0.43628538,0.42654005,0.0,0.0,1.0
2023-06-13,0.440842,0.43434972,0.41885662,0.0,0.0,1.0
2023-06-14,0.43291223,0.4249476,0.40668204,0.0,0.0,1.0
2023-06-15,0.43503213,0.44211707,0.40734303,0.0,0.0,1.0
2023-06-16,0.44455355,0.4560378,0.41942587,0.0,0.0,1.0
2023-06-17,0.45000857,0.45748442,0.42532584,0.0,0.0,1.0
2023-06-18,0.45059064,0.4508354,0.42359015,0.0,0.0,1.0
2023-06-19,0.45775813,0.4679413,0.43872058,0.0,0.0,1.0
2023-06-20,0.47724152,0.4907337,0.48193187,0.0,0.0,1.0
2023-06-21,0.5105002,0.5201301,0.5363657,0.0,0.0,1.0
2023-06-22,0.5074947,0.5056303,0.52016425,0.0,0.0,1.0
2023-06-23,0.53235155,0.52914435,0.5597864,0.0,0.0,1.0
2023-06-24,0.54408544,0.53058,0.569364,0.0,0.0,1.0
2023-06-25,0.5621987,0.55272114,0.6018518,0.0,0.0,1.0
2023-06-26,0.5557385,0.5392801,0.5904474,0.0,0.0,1.0
2023-06-27,0.5594045,0.55551416,0.61337465,0.0,0.0,1.0
2023-06-28,0.53558105,0.5297895,0.5815959,0.0,0.0,1.0
2023-06-29,0.53008103,0.5494794,0.60543674,0.0,0.0,1.0
2023-06-30,0.5462867,0.5669849,0.6351362,0.0,0.0,1.0
2023-07-01,0.5493884,0.55977386,0.6393419,0.0,0.0,1.0
2023-07-02,0.55343086,0.5661503,0.6511929,0.0,0.0,1.0
2023-07-03,0.5609163,0.5643764,0.66301113,0.0,0.0,1.0
2023-07-04,0.5515929,0.5537008,0.65455866,0.0,0.0,1.0
2023-07-05,0.54926556,0.5521341,0.6687547,0.0,0.0,1.0
2023-07-06,0.5345806,0.55209607,0.65420246,0.0,0.0,1.0
2023-07-07,0.5451176,0.57954127,0.6909145,0.0,0.0,1.0
2023-07-08,0.55354995,0.5865567,0.6990252,0.0,0.0,1.0
2023-07-09,0.5596404,0.58798915,0.71062833,0.0,0.0,1.0
2023-07-10,0.5844415,0.6065212,0.74858433,0.0,0.0,1.0
2023-07-11,0.60623866,0.63380444,0.7778589,0.0,0.0,1.0
2023-07-12,0.6232868,0.64858824,0.79549515,0.0,0.0,1.0
2023-07-13,0.65491027,0.687818,0.83634883,0.0,0.0,1.0
2023-07-14,0.67317677,0.7029279,0.8283209,0.0,0.0,1.0
2023-07-15,0.6966823,0.71082777,0.83675545,0.0,0.0,1.0
2023-07-16,0.70774233,0.71387964,0.8417398,0.0,0.0,0.0
2023-07-17,0.7114605,0.713696,0.83962435,0.0,0.0,0.0
2023-07-18,0.7087001,0.70473415,0.83955467,0.0,0.0,0.0
2023-07-19,0.7068839,0.7041865,0.8462038,0.0,0.0,0.0
2023-07-20,0.6978659,0.6969405,0.8355067,0.0,0.0,0.0
2023-07-21,0.68272907,0.6832121,0.8296013,0.0,0.0,0.0
2023-07-22,0.66448754,0.6670921,0.80346763,0.0,0.0,0.0
2023-07-23,0.65293574,0.6609454,0.79535246,0.0,0.0,0.0
2023-07-24,0.6250041,0.63155407,0.75507236,0.0,0.0,0.0
2023-07-25,0.60943216,0.61806774,0.73538405,0.0,0.0,0.0
2023-07-26,0.6050803,0.62834525,0.73653513,0.0,0.0,0.0
2023-07-27,0.5978051,0.6224084,0.72404134,0.0,0.0,0.0
2023-07-28,0.59807163,0.6254475,0.7312629,0.0,0.0,0.0
2023-07-29,0.5937299,0.62884045,0.73577785,0.0,0.0,0.0
2023-07-30,0.57030314,0.60483193,0.7060773,0.0,0.0,0.0
2023-07-31,0.5556658,0.5986772,0.6883926,0.0,0.0,0.0
2023-08-01,0.5507954,0.598496,0.69059414,0.0,0.0,0.0
2023-08-02,0.53343487,0.5784213,0.6490793,0.0,0.0,0.0
2023-08-03,0.52728283,0.5712984,0.6374477,0.0,0.0,0.0
2023-08-04,0.5228629,0.5674693,0.6332193,0.0,0.0,0.0
2023-08-05,0.5288184,0.5737476,0.63946986,0.0,0.0,0.0
2023-08-06,0.5268407,0.5752604,0.6397727,0.0,0.0,0.0
2023-08-07,0.52377576,0.57357836,0.6390275,0.0,0.0,0.0
2023-08-08,0.5333016,0.59187037,0.66520745,0.0,0.0,0.0
2023-08-09,0.536987,0.5910514,0.6625791,0.0,0.0,0.0
2023-08-10,0.53673047,0.58862996,0.6589524,0.0,0.0,0.0
2023-08-11,0.5393695,0.59059864,0.6574296,0.0,0.0,0.0
2023-08-12,0.523425,0.5815265,0.63311875,0.0,0.0,0.0
2023-08-13,0.514641,0.5698258,0.61539793,0.0,0.0,0.0
2023-08-14,0.50965565,0.57071424,0.6169004,0.0,0.0,0.0
2023-08-15,0.49538547,0.54456574,0.5873695,0.0,0.0,0.0
2023-08-16,0.47989374,0.5253867,0.557605,0.0,0.0,0.0
2023-08-17,0.4509124,0.47009286,0.48967245,0.0,0.0,0.0
2023-08-18,0.4503013,0.46006468,0.45123664,0.0,0.0,0.0
2023-08-19,0.45939088,0.4610402,0.43474975,0.0,0.0,0.0
2023-08-20,0.46857443,0.4606276,0.42955157,0.0,0.0,0.0
2023-08-21,0.47319955,0.45506248,0.42033067,0.0,0.0,0.0
2023-08-22,0.469595,0.4443774,0.4033313,0.0,0.0,0.0
2023-08-23,0.4854423,0.46143726,0.42304882,0.0,0.0,0.0
2023-08-24,0.48011744,0.44742584,0.41398248,0.0,0.0,0.0
2023-08-25,0.47515023,0.4445095,0.41242802,0.0,0.0,0.0
2023-08-26,0.47629443,0.44828722,0.4132549,0.0,0.0,0.0
2023-08-27,0.48102763,0.45708027,0.4192171,0.0,0.0,0.0
2023-08-28,0.48171332,0.453847,0.41530257,0.0,0.0,0.0
2023-08-29,0.5200704,0.48833758,0.4696127,0.0,0.0,0.0
2023-08-30,0.5111058,0.4652466,0.44499812,0.0,0.0,0.0
2023-08-31,0.48637134,0.45375025,0.42841154,0.0,0.0,0.0
2023-09-01,0.4812461,0.45548376,0.42736182,0.0,0.0,0.0
2023-09-02,0.4846916,0.4637544,0.4354997,0.0,0.0,0.0
2023-09-03,0.4871751,0.4690354,0.4409336,0.0,0.0,0.0
2023-09-04,0.48581532,0.47104508,0.44014153,0.0,0.0,0.0
2023-09-05,0.485952,0.47523656,0.44265443,0.0,0.0,0.0
2023-09-06,0.48782712,0.47271395,0.44474974,0.0,0.0,0.0
2023-09-07,0.49526322,0.48243907,0.45521495,0.0,0.0,0.0
2023-09-08,0.4883846,0.4743658,0.44351447,0.0,0.0,0.0
2023-09-09,0.4869158,0.4732738,0.44417477,0.0,0.0,0.0
2023-09-10,0.47819942,0.46158963,0.4372503,0.0,0.0,0.0
2023-09-11,0.4648372,0.45033684,0.41706115,0.0,0.0,0.0
2023-09-12,0.47509038,0.46815217,0.43843287,0.0,0.0,0.0
2023-09-13,0.47969693,0.479166,0.44906905,0.0,0.0,0.0
2023-09-14,0.48514453,0.48884228,0.46586287,0.0,0.0,0.0
2023-09-15,0.4904689,0.4954818,0.48036346,0.0,0.0,0.0
2023-09-16,0.5010141,0.49584016,0.50319684,0.0,0.0,0.0
2023-09-17,0.5112635,0.5035224,0.5251421,0.0,0.0,0.0
2023-09-18,0.52596533,0.5250645,0.5624524,0.0,0.0,0.0
2023-09-19,0.5401104,0.5434675,0.5930106,0.0,0.0,0.0
2023-09-20,0.54378814,0.549707,0.6007831,0.0,0.0,0.0
2023-09-21,0.53480315,0.53246933,0.5868347,0.0,0.0,0.0
2023-09-22,0.538924,0.5421753,0.601733,0.0,0.0,0.0
2023-09-23,0.5429313,0.54463416,0.6131805,0.0,0.0,0.0
2023-09-24,0.55162245,0.55075777,0.6119419,0.0,0.0,0.0
2023-09-25,0.56160796,0.5646118,0.6350029,0.0,0.0,0.0
2023-09-26,0.5608234,0.56998956,0.64242107,0.0,0.0,0.0
2023-09-27,0.56517744,0.5838467,0.6597296,0.0,0.0,0.0
2023-09-28,0.5763752,0.6051235,0.6944853,0.0,0.0,0.0
2023-09-29,0.5827461,0.6169602,0.7015119,0.0,0.0,0.0
2023-09-30,0.5948126,0.6321111,0.7276755,0.0,0.0,0.0
2023-10-01,0.62774074,0.66461974,0.77494925,0.0,0.0,0.0
2023-10-02,0.62693673,0.6428215,0.74472475,0.0,0.0,0.0
2023-10-03,0.63385004,0.64267355,0.75107163,0.0,0.0,0.0
2023-10-04,0.6415467,0.64319193,0.7509926,0.0,0.0,0.0
2023-10-05,0.6352476,0.6325073,0.74509346,0.0,0.0,0.0
2023-10-06,0.6474203,0.6510603,0.7711608,0.0,0.0,0.0
2023-10-07,0.6500464,0.6561965,0.76443344,0.0,0.0,0.0
2023-10-08,0.6524681,0.659286,0.7728298,0.0,0.0,0.0
2023-10-09,0.6381737,0.63114923,0.7491857,0.0,0.0,0.0
2023-10-10,0.635285,0.62809736,0.752553,0.0,0.0,0.0
2023-10-11,0.64319426,0.6374084,0.7567493,0.0,0.0,0.0
2023-10-12,0.6367533,0.62510914,0.74861753,0.0,0.0,0.0
2023-10-13,0.639045,0.6373419,0.762181,0.0,0.0,0.0
2023-10-14,0.63760066,0.64098245,0.76099885,0.0,0.0,0.0
2023-10-15,0.6434328,0.6476969,0.771194,0.0,0.0,0.0
2023-10-16,0.65903443,0.67239237,0.81158215,0.0,0.0,0.0
2023-10-17,0.6644714,0.67164534,0.7979944,0.0,0.0,0.0
2023-10-18,0.66452503,0.666029,0.7944608,0.0,0.0,0.0
2023-10-19,0.6656062,0.6776751,0.80516255,0.0,0.0,0.0
2023-10-20,0.67581666,0.69570225,0.8260782,0.0,0.0,0.0
2023-10-21,0.6879959,0.7145218,0.8353198,0.0,0.0,0.0
2023-10-22,0.69981253,0.7170095,0.8370092,0.0,0.0,0.0
2023-10-23,0.7130262,0.7206531,0.8624604,0.0,0.0,0.0
2023-10-24,0.72083294,0.719312,0.85153097,0.0,0.0,0.0
2023-10-25,0.723582,0.71922565,0.8520599,0.0,0.0,0.0
2023-10-26,0.729203,0.7249363,0.85348576,0.0,0.0,0.0
2023-10-27,0.7276542,0.7151524,0.8418224,0.0,0.0,0.0
2023-10-28,0.7239015,0.7067224,0.8426649,0.0,0.0,0.0
2023-10-29,0.7264278,0.7091113,0.8300092,0.0,0.0,0.0
2023-10-30,0.7279729,0.7127874,0.8455818,0.0,0.0,0.0
2023-10-31,0.7223862,0.7132557,0.8477133,0.0,0.0,0.0
2023-11-01,0.726949,0.7167171,0.85607076,0.0,0.0,0.0
2023-11-02,0.724401,0.7064372,0.8330508,0.0,0.0,0.0
2023-11-03,0.7221267,0.6946234,0.83432424,0.0,0.0,0.0
2023-11-04,0.72299635,0.6989351,0.8468315,0.0,0.0,0.0
2023-11-05,0.7232294,0.69785345,0.8365022,0.0,0.0,0.0
2023-11-06,0.7223784,0.6975427,0.8520967,0.0,0.0,0.0
2023-11-07,0.7229403,0.7049049,0.8515904,0.0,0.0,0.0
2023-11-08,0.72517955,0.71218187,0.85672575,0.0,0.0,0.0
2023-11-09,0.7284674,0.7125498,0.8596631,0.0,0.0,0.0
2023-11-10,0.7215235,0.71876395,0.84348255,0.0,0.0,1.0
2023-11-11,0.72164077,0.70758855,0.8232971,0.0,0.0,1.0
2023-11-12,0.7155487,0.6987816,0.81959313,0.0,0.0,1.0
2023-11-13,0.69946176,0.66800094,0.81099236,0.0,0.0,1.0
2023-11-14,0.6919371,0.66823494,0.79002017,0.0,0.0,1.0
2023-11-15,0.69814634,0.67274046,0.80557406,0.0,0.0,1.0
2023-11-16,0.6757473,0.6394327,0.75184476,0.0,0.0,1.0
2023-11-17,0.6781602,0.6249437,0.7579698,0.0,0.0,1.0
2023-11-18,0.67082006,0.6228311,0.75784785,0.0,0.0,1.0
2023-11-19,0.67503977,0.62951446,0.7614635,0.0,0.0,1.0
2023-11-20,0.66392434,0.6147534,0.7493486,0.0,0.0,1.0
2023-11-21,0.635622,0.57959276,0.713042,0.0,0.0,1.0
2023-11-22,0.647122,0.59019566,0.72763526,0.0,0.0,1.0
2023-11-23,0.637278,0.5966187,0.704403,0.0,0.0,1.0
2023-11-24,0.64343643,0.59538734,0.69866014,0.0,0.0,1.0
2023-11-25,0.64228106,0.5979627,0.6961608,0.0,0.0,1.0
2023-11-26,0.63185483,0.5821986,0.6850214,0.0,0.0,1.0
2023-11-27,0.6170891,0.5635065,0.6759639,0.0,0.0,1.0
2023-11-28,0.61839986,0.5709978,0.6769292,0.0,0.0,1.0
2023-11-29,0.6096543,0.56743604,0.6678659,0.0,0.0,1.0
2023-11-30,0.60848665,0.57344466,0.6634383,0.0,0.0,1.0
2023-12-01,0.612269,0.57918346,0.67316914,0.0,0.0,1.0
2023-12-02,0.62297225,0.6003558,0.7008021,0.0,0.0,1.0
2023-12-03,0.6259344,0.60255224,0.70616263,0.0,0.0,1.0
2023-12-04,0.6355774,0.60329646,0.7233094,0.0,0.0,1.0
2023-12-05,0.6450019,0.6193905,0.7451804,0.0,0.0,1.0
2023-12-06,0.64110434,0.62102574,0.7445257,0.0,0.0,1.0
2023-12-07,0.6517369,0.6493406,0.77149683,0.0,0.0,1.0
2023-12-08,0.65887946,0.6643656,0.7868573,0.0,0.0,1.0
2023-12-09,0.6479284,0.64950913,0.7625954,0.0,0.0,1.0
2023-12-10,0.63669264,0.64355344,0.7614767,0.0,0.0,1.0
2023-12-11,0.5961906,0.5922269,0.6985779,0.0,0.0,1.0
2023-12-12,0.57971644,0.56973404,0.67495126,0.0,0.0,1.0
2023-12-13,0.59139794,0.580908,0.69071907,0.0,0.0,1.0
2023-12-14,0.6004428,0.5965435,0.70259273,0.0,0.0,1.0
2023-12-15,0.57654303,0.5665441,0.6488962,0.0,0.0,1.0
2023-12-16,0.58127487,0.57154995,0.6562816,0.0,0.0,1.0
2023-12-17,0.5673412,0.55432373,0.6317816,0.0,0.0,1.0
2023-12-18,0.5866929,0.5712895,0.6428114,0.0,0.0,1.0
2023-12-19,0.5649727,0.5474838,0.61384547,0.0,0.0,1.0
2023-12-20,0.5754603,0.5678016,0.63075507,0.0,0.0,1.0
2023-12-21,0.587555,0.5902552,0.65933055,0.0,0.0,1.0
2023-12-22,0.59599674,0.597384,0.66663915,0.0,0.0,1.0
2023-12-23,0.5960835,0.60099345,0.66529006,0.0,0.0,1.0
2023-12-24,0.5751788,0.56758374,0.63362026,0.0,0.0,1.0
2023-12-25,0.5769249,0.56764126,0.63058835,0.0,0.0,1.0
2023-12-26,0.558169,0.53882504,0.5985256,0.0,0.0,0.0
2023-12-27,0.5757143,0.5524537,0.63272566,0.0,0.0,0.0
2023-12-28,0.5615833,0.5380529,0.6134967,0.0,0.0,0.0
2023-12-29,0.5471079,0.5178302,0.5939081,0.0,0.0,0.0
2023-12-30,0.53475714,0.49984282,0.56619227,0.0,0.0,0.0
2023-12-31,0.5245721,0.49128875,0.5422993,0.0,0.0,0.0
2024-01-01,0.5337673,0.5109856,0.55232304,0.0,0.0,0.0
2024-01-02,0.5236338,0.4953577,0.53113127,0.0,0.0,0.0
2024-01-03,0.48970982,0.44607347,0.47574645,0.0,0.0,0.0
2024-01-04,0.5056824,0.4587851,0.46897078,0.0,0.0,0.0
2024-01-05,0.50193506,0.44214872,0.44138172,0.0,0.0,0.0
2024-01-06,0.48527795,0.42788157,0.42054886,0.0,0.0,0.0
2024-01-07,0.47138312,0.4188587,0.40247396,0.0,0.0,0.0
2024-01-08,0.4938254,0.44564342,0.4224651,0.0,0.0,0.0
2024-01-09,0.48436606,0.43600136,0.40973353,0.0,0.0,0.0
2024-01-10,0.51128983,0.463348,0.4535531,0.0,0.0,0.0
2024-01-11,0.5251148,0.46335825,0.46206143,0.0,0.0,0.0
2024-01-12,0.50572354,0.4453628,0.44266742,0.0,0.0,0.0
2024-01-13,0.51405007,0.459952,0.4478871,0.0,0.0,0.0
2024-01-14,0.510472,0.4477645,0.4378086,0.0,0.0,0.0
2024-01-15,0.519419,0.4585703,0.44889486,0.0,0.0,0.0
2024-01-16,0.53505915,0.47052583,0.46604672,0.0,0.0,0.0
2024-01-17,0.53086954,0.46936858,0.45892152,0.0,0.0,0.0
2024-01-18,0.50987804,0.45352492,0.44960564,0.0,0.0,0.0
2024-01-19,0.50786865,0.46517712,0.45213652,0.0,0.0,0.0
2024-01-20,0.49619335,0.46074396,0.43939382,0.0,0.0,0.0
2024-01-21,0.4825887,0.46024513,0.42788467,0.0,0.0,0.0
2024-01-22,0.45731163,0.439417,0.40330404,0.0,0.0,0.0
2024-01-23,0.4527119,0.44912606,0.39674792,0.0,0.0,0.0
2024-01-24,0.44935262,0.4537577,0.39048195,0.0,0.0,0.0
2024-01-25,0.448633,0.45174974,0.39257145,0.0,0.0,0.0
2024-01-26,0.4506519,0.46325672,0.401054,0.0,1.0,0.0
2024-01-27,0.4512216,0.4601522,0.40193155,0.0,1.0,0.0
2024-01-28,0.45127106,0.45830414,0.40566835,0.0,1.0,0.0
2024-01-29,0.46438548,0.4742086,0.43768987,0.0,1.0,0.0
2024-01-30,0.4660779,0.4607664,0.43031946,0.0,1.0,0.0
2024-01-31,0.4585651,0.45184368,0.42089596,0.0,1.0,0.0
2024-02-01,0.4621288,0.45839894,0.42736512,0.0,1.0,0.0
2024-02-02,0.47510436,0.4675597,0.45125973,0.0,1.0,0.0
2024-02-03,0.47207466,0.46130234,0.4441105,0.0,1.0,0.0
2024-02-04,0.4720887,0.46100157,0.44877997,0.0,1.0,0.0
2024-02-05,0.4769578,0.46863765,0.46826878,0.0,1.0,0.0
2024-02-06,0.49875462,0.43696502,0.44450417,0.0,1.0,0.0
2024-02-07,0.5031001,0.4454249,0.46097505,0.0,1.0,0.0
2024-02-08,0.50702626,0.4406468,0.4438655,0.0,1.0,0.0
2024-02-09,0.5053384,0.4447819,0.43616432,0.0,1.0,0.0
2024-02-10,0.49427,0.44215104,0.4295609,0.0,1.0,0.0
2024-02-11,0.49007398,0.44338977,0.43810707,0.0,1.0,0.0
2024-02-12,0.5063095,0.46981847,0.47581333,0.0,1.0,0.0
2024-02-13,0.50650716,0.4718207,0.48380032,0.0,1.0,0.0
2024-02-14,0.532728,0.49812198,0.5280594,0.0,1.0,0.0
2024-02-15,0.53049207,0.49691895,0.53359383,0.0,1.0,1.0
2024-02-16,0.5277686,0.493373,0.5313337,0.0,1.0,1.0
2024-02-17,0.53222984,0.4999488,0.54523677,0.0,1.0,1.0
2024-02-18,0.5495465,0.5258592,0.58300346,0.0,1.0,1.0
2024-02-19,0.55671936,0.53032094,0.5979079,0.0,1.0,1.0
2024-02-20,0.56949854,0.5596865,0.63786757,0.0,1.0,1.0
2024-02-21,0.5839241,0.5748143,0.6692993,0.0,1.0,1.0
2024-02-22,0.6030111,0.5962671,0.7036482,0.0,1.0,1.0
2024-02-23,0.61140156,0.60542965,0.7187154,0.0,1.0,1.0
2024-02-24,0.6309637,0.63269806,0.7581435,0.0,1.0,1.0
2024-02-25,0.64712226,0.65388656,0.7780495,0.0,1.0,1.0
2024-02-26,0.6647005,0.6747732,0.80626106,0.0,1.0,1.0
2024-02-27,0.68175966,0.6888498,0.8194924,0.0,1.0,1.0
2024-02-28,0.6933541,0.6975045,0.8426849,0.0,1.0,1.0
2024-02-29,0.70023996,0.70076567,0.8364006,0.0,1.0,1.0
2024-03-01,0.7112847,0.7096889,0.8462704,0.0,1.0,1.0
2024-03-02,0.7142887,0.70864934,0.8452897,0.0,1.0,1.0
2024-03-03,0.6428469,0.8182338,0.8798829,0.0,1.0,1.0
2024-03-04,0.652026,0.8251782,0.8940934,0.0,1.0,1.0
2024-03-05,0.65345377,0.79348457,0.8651082,0.0,1.0,1.0
2024-03-06,0.6563564,0.8010729,0.87913907,0.0,1.0,1.0
2024-03-07,0.6500624,0.810947,0.885117,0.0,1.0,1.0
2024-03-08,0.6609568,0.8144301,0.8886018,0.0,1.0,1.0
2024-03-09,0.6602872,0.81100476,0.8854046,0.0,1.0,1.0
2024-03-10,0.656762,0.8117699,0.88423926,0.0,1.0,1.0
2024-03-11,0.65420854,0.8172702,0.89180946,0.0,1.0,1.0
2024-03-12,0.65521526,0.8108726,0.8828539,0.0,0.0,1.0
2024-03-13,0.64481115,0.8149584,0.8881551,0.0,0.0,1.0
2024-03-14,0.64072025,0.80451584,0.87770927,0.0,0.0,1.0
2024-03-15,0.63781595,0.78870416,0.86546725,0.0,0.0,1.0
2024-03-16,0.6335483,0.75581163,0.8368924,0.0,0.0,1.0
2024-03-17,0.63615805,0.7598643,0.8548074,0.0,0.0,1.0
2024-03-18,0.6418039,0.74797153,0.8377962,0.0,0.0,1.0
2024-03-19,0.631051,0.669918,0.763484,0.0,0.0,1.0
2024-03-20,0.6257654,0.6717204,0.7934156,0.0,0.0,1.0
2024-03-21,0.62931967,0.62069386,0.73941714,0.0,0.0,1.0
2024-03-22,0.61677974,0.58050865,0.69744074,0.0,0.0,1.0
2024-03-23,0.60680014,0.56226754,0.6753037,0.0,0.0,1.0
2024-03-24,0.6079558,0.56699735,0.6851971,0.0,0.0,1.0
2024-03-25,0.61125857,0.57088214,0.6848249,0.0,0.0,1.0
2024-03-26,0.6106309,0.5506122,0.66392285,0.0,0.0,1.0
2024-03-27,0.5999184,0.5368332,0.6378966,0.0,0.0,1.0
2024-03-28,0.59308344,0.5239567,0.6263938,0.0,0.0,1.0
2024-03-29,0.5778003,0.5033781,0.5962646,0.0,0.0,1.0
2024-03-30,0.56452966,0.4892529,0.57395995,0.0,0.0,1.0
2024-03-31,0.557301,0.48858935,0.57007426,0.0,0.0,1.0
2024-04-01,0.54186714,0.46833768,0.53361994,0.0,0.0,0.0
2024-04-02,0.5145958,0.456505,0.4959979,0.0,0.0,0.0
2024-04-03,0.50352466,0.4774253,0.49620044,0.0,0.0,0.0
2024-04-04,0.5010774,0.5074523,0.5133042,0.0,0.0,0.0
2024-04-05,0.49035993,0.49944595,0.5011451,0.0,0.0,0.0
2024-04-06,0.48279792,0.508748,0.5037681,0.0,0.0,0.0
2024-04-07,0.47952813,0.5123922,0.5056187,0.0,0.0,0.0
2024-04-08,0.48746422,0.5330322,0.5266341,0.0,0.0,0.0
2024-04-09,0.47762814,0.51016784,0.501974,0.0,0.0,0.0
2024-04-10,0.4742893,0.5059744,0.501626,0.0,0.0,0.0
2024-04-11,0.4691263,0.4972913,0.49027595,0.0,0.0,0.0
2024-04-12,0.45503286,0.4612834,0.46156263,0.0,1.0,0.0
2024-04-13,0.44248128,0.4323365,0.4386082,0.0,1.0,0.0
2024-04-14,0.44684663,0.4266401,0.43931392,0.0,1.0,0.0
2024-04-15,0.44768855,0.42064205,0.4330979,0.0,1.0,0.0
2024-04-16,0.44584388,0.41816387,0.4308,0.0,1.0,0.0
2024-04-17,0.4381988,0.41404665,0.42596945,0.0,1.0,0.0
2024-04-18,0.45149717,0.42519304,0.44237933,0.0,1.0,0.0
2024-04-19,0.44857097,0.42256346,0.44220218,0.0,1.0,0.0
2024-04-20,0.45644498,0.43166193,0.45202327,0.0,1.0,0.0
2024-04-21,0.46019825,0.43290338,0.4537052,0.0,1.0,0.0
2024-04-22,0.4671844,0.44573322,0.46806383,0.0,1.0,0.0
2024-04-23,0.46559384,0.4456096,0.46550858,0.0,1.0,0.0
2024-04-24,0.45830593,0.4369518,0.45347387,0.0,1.0,0.0
2024-04-25,0.46005186,0.43635663,0.4514654,0.0,1.0,0.0
2024-04-26,0.4575414,0.44230592,0.45102444,0.0,1.0,0.0
2024-04-27,0.4584907,0.45893347,0.46078375,0.0,1.0,0.0
2024-04-28,0.45832515,0.47630307,0.46853644,0.0,1.0,0.0
2024-04-29,0.45635724,0.4955037,0.48065543,0.0,1.0,0.0
2024-04-30,0.44551608,0.47110868,0.46405637,0.0,1.0,0.0
2024-05-01,0.44606784,0.47270417,0.4612183,0.0,1.0,0.0
2024-05-02,0.4494865,0.4883528,0.47520766,0.0,1.0,0.0
2024-05-03,0.45491377,0.50742966,0.50469446,0.0,1.0,0.0
2024-05-04,0.45796084,0.50928736,0.509795,0.0,1.0,0.0
2024-05-05,0.46753466,0.52605903,0.51817185,0.0,1.0,0.0
2024-05-06,0.46272805,0.5211619,0.5177902,0.0,1.0,0.0
2024-05-07,0.46188995,0.50731176,0.50529236,0.0,1.0,0.0
2024-05-08,0.46078575,0.49963775,0.49048007,0.0,1.0,0.0
2024-05-09,0.46036565,0.5134458,0.50958717,0.0,1.0,0.0
2024-05-10,0.45970356,0.49745408,0.49209058,0.0,1.0,0.0
2024-05-11,0.45949113,0.49694002,0.4928078,0.0,1.0,0.0
2024-05-12,0.46976432,0.513541,0.50819135,0.0,1.0,0.0
2024-05-13,0.48230603,0.54605865,0.5433834,0.0,1.0,0.0
2024-05-14,0.48533556,0.54636717,0.5436037,0.0,1.0,0.0
2024-05-15,0.49232215,0.5875702,0.6022969,0.0,1.0,0.0
2024-05-16,0.5022695,0.5873786,0.60282797,0.0,1.0,0.0
2024-05-17,0.5148667,0.61629426,0.6435569,0.0,1.0,0.0
2024-05-18,0.52477306,0.63023156,0.6604399,0.0,1.0,0.0
2024-05-19,0.53386396,0.6334725,0.66956717,0.0,1.0,0.0
2024-05-20,0.55796146,0.64479584,0.7093642,0.0,1.0,0.0
2024-05-21,0.579707,0.6375814,0.7010185,0.0,1.0,0.0
2024-05-22,0.58455837,0.6354878,0.69785213,0.0,1.0,0.0
2024-05-23,0.5853716,0.6291461,0.69272804,0.0,1.0,0.0
2024-05-24,0.5920969,0.63963634,0.6978057,0.0,1.0,0.0
2024-05-25,0.59190536,0.64749765,0.7092233,0.0,1.0,0.0
2024-05-26,0.595858,0.65124536,0.71222466,0.0,1.0,0.0
2024-05-27,0.5956047,0.6617305,0.7295222,0.0,1.0,0.0
2024-05-28,0.59739935,0.662046,0.72689366,0.0,0.0,0.0
2024-05-29,0.5931836,0.6668978,0.72589195,0.0,0.0,0.0
2024-05-30,0.5951772,0.70336616,0.75385344,0.0,0.0,0.0
2024-05-31,0.6004784,0.71884036,0.76784974,0.0,0.0,0.0
2024-06-01,0.60562706,0.73732907,0.78861314,0.0,0.0,0.0
2024-06-02,0.608603,0.74798656,0.79826593,0.0,0.0,0.0
2024-06-03,0.5904187,0.78350157,0.82499886,0.0,0.0,0.0
2024-06-04,0.5830141,0.80526406,0.8482491,0.0,0.0,0.0
2024-06-05,0.5853551,0.8174713,0.86043817,0.0,0.0,0.0
2024-06-06,0.58994365,0.8237725,0.8659591,0.0,0.0,0.0
2024-06-07,0.58993375,0.8119715,0.85685045,0.0,0.0,0.0
2024-06-08,0.5840185,0.82185215,0.8661119,0.0,0.0,0.0
2024-06-09,0.5840901,0.8275676,0.8734002,0.0,0.0,0.0
2024-06-10,0.58901334,0.8307012,0.87630993,0.0,0.0,0.0
2024-06-11,0.59166235,0.81844276,0.8648984,0.0,0.0,0.0
2024-06-12,0.5854086,0.82324255,0.87543416,0.0,0.0,0.0
2024-06-13,0.5907384,0.81061506,0.8637172,0.0,0.0,1.0
2024-06-14,0.5839332,0.8012268,0.85740256,0.0,0.0,1.0
2024-06-15,0.58079475,0.8053898,0.8621791,0.0,0.0,1.0
2024-06-16,0.5757907,0.80132574,0.8600018,0.0,0.0,1.0
2024-06-17,0.5772203,0.78590363,0.8447582,0.0,0.0,1.0
2024-06-18,0.57043725,0.7700956,0.8288104,0.0,0.0,1.0
2024-06-19,0.5521435,0.7496463,0.8106685,0.0,0.0,1.0
2024-06-20,0.5370834,0.73354137,0.7892112,0.0,0.0,1.0
2024-06-21,0.51939124,0.7071382,0.76084787,0.0,0.0,1.0
2024-06-22,0.5134683,0.7067748,0.75143117,0.0,0.0,1.0
2024-06-23,0.5096295,0.67981976,0.7184995,0.0,0.0,1.0
2024-06-24,0.48845324,0.6411575,0.67520505,0.0,0.0,1.0
2024-06-25,0.480839,0.649356,0.68162715,0.0,0.0,1.0
2024-06-26,0.47686398,0.6320746,0.6565849,0.0,0.0,1.0
2024-06-27,0.47330457,0.64072865,0.6702289,0.0,0.0,1.0
2024-06-28,0.485394,0.61449754,0.63986975,0.0,0.0,1.0
2024-06-29,0.48025414,0.60583663,0.6346707,0.0,0.0,1.0
2024-06-30,0.4802311,0.6195541,0.6511758,0.0,0.0,1.0
2024-07-01,0.4849518,0.6147959,0.6441712,0.0,0.0,1.0
2024-07-02,0.48355412,0.6151765,0.6424447,0.0,0.0,1.0
2024-07-03,0.4867447,0.5712376,0.59686166,0.0,0.0,1.0
2024-07-04,0.46406645,0.5076254,0.5367261,0.0,0.0,1.0
2024-07-05,0.45283818,0.4815317,0.51132005,0.0,0.0,1.0
2024-07-06,0.4559477,0.47565436,0.5106012,0.0,0.0,1.0
2024-07-07,0.45163018,0.45148504,0.49023986,0.0,0.0,1.0
2024-07-08,0.45806158,0.45147133,0.4859824,0.0,0.0,1.0
2024-07-09,0.46005404,0.45161068,0.4860157,0.0,0.0,1.0
2024-07-10,0.46257368,0.4486856,0.4807396,0.0,0.0,1.0
2024-07-11,0.4682028,0.4543091,0.47617748,0.0,0.0,1.0
2024-07-12,0.4694735,0.4595446,0.48134416,0.0,0.0,1.0
2024-07-13,0.47665882,0.46769702,0.49309134,0.0,0.0,1.0
2024-07-14,0.48811394,0.48707855,0.5129485,0.0,0.0,1.0
2024-07-15,0.5095886,0.50034475,0.5467134,0.0,0.0,1.0
2024-07-16,0.51301235,0.4977154,0.53955483,0.0,0.0,1.0
2024-07-17,0.5145413,0.49203667,0.5285203,0.0,0.0,1.0
2024-07-18,0.5219156,0.5202217,0.54940313,0.0,0.0,1.0
2024-07-19,0.53466773,0.55991817,0.5971334,0.0,0.0,1.0
2024-07-20,0.5435428,0.5869758,0.62320805,0.0,0.0,1.0
2024-07-21,0.55129105,0.63881886,0.6768377,0.0,0.0,1.0
2024-07-22,0.55908734,0.64262855,0.68140405,0.0,0.0,1.0
2024-07-23,0.56708926,0.6496041,0.6922948,0.0,0.0,1.0
2024-07-24,0.564044,0.6593474,0.7042976,0.0,0.0,1.0
2024-07-25,0.5655112,0.65977734,0.7032079,0.0,0.0,1.0
2024-07-26,0.57099265,0.6712979,0.73776966,0.0,0.0,1.0
2024-07-27,0.57275426,0.6714675,0.734112,0.0,0.0,1.0
2024-07-28,0.5782465,0.68293184,0.7454949,0.0,0.0,1.0
2024-07-29,0.5758239,0.684173,0.7416202,0.0,0.0,0.0
2024-07-30,0.56759894,0.6774571,0.7318114,0.0,0.0,0.0
2024-07-31,0.55769193,0.6621287,0.7084638,0.0,0.0,0.0
2024-08-01,0.54836726,0.65610105,0.7031871,0.0,0.0,0.0
2024-08-02,0.5322842,0.60636985,0.6369481,0.0,0.0,0.0
2024-08-03,0.5233262,0.57383686,0.614902,0.0,0.0,0.0
2024-08-04,0.503531,0.54654986,0.5679529,0.0,0.0,0.0
2024-08-05,0.46903288,0.4834858,0.50475055,0.0,0.0,0.0
2024-08-06,0.48167062,0.47801262,0.51764256,0.0,0.0,0.0
2024-08-07,0.471381,0.4493581,0.48569426,0.0,0.0,0.0
2024-08-08,0.4933953,0.47563317,0.53383595,0.0,0.0,0.0
2024-08-09,0.50633895,0.4326775,0.49681866,0.0,0.0,0.0
2024-08-10,0.5077415,0.4175431,0.4781821,0.0,0.0,0.0
2024-08-11,0.50086147,0.4083864,0.45747614,0.0,0.0,0.0
2024-08-12,0.501399,0.4036884,0.46135178,0.0,0.0,0.0
2024-08-13,0.49831417,0.3965903,0.45754325,0.0,0.0,0.0
2024-08-14,0.48629373,0.39431438,0.44211805,0.0,0.0,0.0
2024-08-15,0.47632873,0.38835168,0.43329185,0.0,0.0,0.0
2024-08-16,0.4749986,0.38983217,0.43283126,0.0,0.0,0.0
2024-08-17,0.473283,0.3939659,0.43511277,0.0,0.0,0.0
2024-08-18,0.46656302,0.3965571,0.43277717,0.0,0.0,0.0
2024-08-19,0.46355388,0.4093492,0.43761575,0.0,0.0,0.0
2024-08-20,0.45783234,0.41715083,0.4340127,0.0,0.0,0.0
2024-08-21,0.46076286,0.43119854,0.44673437,0.0,0.0,0.0
2024-08-22,0.46199095,0.47077665,0.45389345,0.0,0.0,0.0
2024-08-23,0.4707703,0.5203722,0.5090155,0.0,0.0,0.0
2024-08-24,0.48105454,0.531758,0.5290906,0.0,0.0,0.0
2024-08-25,0.48251966,0.53809434,0.5328953,0.0,0.0,0.0
2024-08-26,0.47795874,0.53841084,0.5272718,0.0,0.0,0.0
2024-08-27,0.45498857,0.49139723,0.49107602,0.0,0.0,0.0
2024-08-28,0.4585302,0.4833877,0.4760716,0.0,0.0,0.0
2024-08-29,0.4588162,0.48714513,0.4745456,0.0,0.0,0.0
2024-08-30,0.46161428,0.49783468,0.4763285,0.0,0.0,0.0
2024-08-31,0.46382612,0.49917608,0.48025718,0.0,0.0,0.0
2024-09-01,0.46875328,0.49642578,0.4758454,0.0,0.0,0.0
2024-09-02,0.48783466,0.5268468,0.521427,0.0,0.0,0.0
2024-09-03,0.5036866,0.5325781,0.5259053,0.0,0.0,0.0
2024-09-04,0.5279661,0.56948173,0.5825165,0.0,0.0,0.0
2024-09-05,0.5391641,0.57560104,0.5904102,0.0,0.0,0.0
2024-09-06,0.5337783,0.56556004,0.58345866,0.0,0.0,0.0
2024-09-07,0.51981485,0.56302744,0.5835446,0.0,0.0,0.0
2024-09-08,0.51650965,0.5809093,0.5977846,0.0,0.0,0.0
2024-09-09,0.5227673,0.5982999,0.62635326,0.0,0.0,0.0
2024-09-10,0.5392589,0.6283058,0.6575281,0.0,0.0,0.0
2024-09-11,0.5413841,0.64734817,0.6684419,0.0,0.0,0.0
2024-09-12,0.54488194,0.6626732,0.6948161,0.0,0.0,0.0
2024-09-13,0.56196994,0.69264156,0.7381885,0.0,0.0,0.0
2024-09-14,0.5792359,0.71010107,0.75572896,0.0,0.0,0.0
2024-09-15,0.58443385,0.7137551,0.7581821,0.0,0.0,0.0
2024-09-16,0.5783558,0.7190755,0.7657231,0.0,0.0,0.0
2024-09-17,0.58338666,0.74857956,0.79800975,0.0,0.0,0.0
2024-09-18,0.58798033,0.762605,0.8154545,0.0,0.0,0.0
2024-09-19,0.59685236,0.78657997,0.8415995,0.0,0.0,0.0
2024-09-20,0.6056217,0.8007321,0.8552119,0.0,0.0,0.0
2024-09-21,0.6121167,0.8123168,0.86576426,0.0,0.0,0.0
2024-09-22,0.61247,0.8068382,0.85984385,0.0,0.0,0.0
2024-09-23,0.60282063,0.79963607,0.85457397,0.0,0.0,0.0
2024-09-24,0.5970115,0.80300105,0.8597374,0.0,0.0,0.0
2024-09-25,0.600082,0.79283154,0.84719694,0.0,0.0,0.0
2024-09-26,0.6061082,0.8123828,0.8702818,0.0,0.0,0.0
2024-09-27,0.61452085,0.81970006,0.87841165,0.0,0.0,0.0
2024-09-28,0.6178697,0.81730604,0.8768948,0.0,0.0,0.0
2024-09-29,0.6113174,0.8141875,0.8739184,0.0,0.0,0.0
2024-09-30,0.6080513,0.8102229,0.8637798,0.0,0.0,0.0
2024-10-01,0.5967209,0.7780819,0.83428895,0.0,0.0,0.0
2024-10-02,0.57342005,0.74124235,0.80360687,0.0,0.0,0.0
2024-10-03,0.56342745,0.74876654,0.796314,0.0,0.0,0.0
2024-10-04,0.558553,0.75746185,0.80459154,0.0,0.0,0.0
2024-10-05,0.56606287,0.7634192,0.80480903,0.0,0.0,0.0
2024-10-06,0.57599914,0.76680756,0.818336,0.0,0.0,0.0
2024-10-07,0.58007944,0.76270014,0.81381154,0.0,0.0,0.0
2024-10-08,0.5816363,0.7729212,0.81800884,0.0,0.0,1.0
2024-10-09,0.57117534,0.75245625,0.79271775,0.0,0.0,1.0
2024-10-10,0.5644354,0.7588696,0.79357094,0.0,0.0,1.0
2024-10-11,0.5663821,0.764653,0.80980563,0.0,0.0,1.0
2024-10-12,0.57108104,0.76331013,0.809837,0.0,0.0,1.0
2024-10-13,0.56422335,0.753228,0.7989054,0.0,0.0,1.0
2024-10-14,0.5818511,0.7777548,0.8313402,0.0,0.0,1.0
2024-10-15,0.5948923,0.7802027,0.83194625,0.0,0.0,1.0
2024-10-16,0.599864,0.7953233,0.84490126,0.0,0.0,1.0
2024-10-17,0.6054859,0.7990854,0.84773344,0.0,0.0,1.0
2024-10-18,0.60320675,0.80710876,0.859226,0.0,0.0,1.0
2024-10-19,0.5987469,0.8059296,0.8593487,0.0,0.0,1.0
2024-10-20,0.5991569,0.8092337,0.8670057,0.0,0.0,1.0
2024-10-21,0.59239036,0.7867203,0.8448804,0.0,0.0,1.0
2024-10-22,0.58643615,0.78742784,0.84489214,0.0,0.0,1.0
2024-10-23,0.57488304,0.7788155,0.83341914,0.0,0.0,1.0
2024-10-24,0.5745463,0.7822519,0.84188175,0.0,1.0,1.0
2024-10-25,0.5832988,0.76594114,0.8224838,0.0,1.0,1.0
2024-10-26,0.57430816,0.76634955,0.8290128,0.0,1.0,1.0
2024-10-27,0.57531303,0.76885164,0.8342801,0.0,1.0,1.0
2024-10-28,0.5831334,0.78226733,0.8475735,0.0,1.0,1.0
2024-10-29,0.5950096,0.79531807,0.8620403,0.0,1.0,1.0
2024-10-30,0.6064762,0.7999968,0.8641745,0.0,1.0,1.0
2024-10-31,0.6115254,0.793464,0.8554628,0.0,1.0,1.0
2024-11-01,0.61534417,0.8015743,0.8659366,0.0,1.0,1.0
2024-11-02,0.619799,0.8040488,0.8711503,1.0,1.0,1.0
2024-11-03,0.6178321,0.804892,0.8689502,1.0,1.0,1.0
2024-11-04,0.6153884,0.8011969,0.8625589,1.0,1.0,1.0
2024-11-05,0.60652566,0.8045267,0.8728588,1.0,1.0,1.0
2024-11-06,0.6218132,0.8116437,0.8961379,1.0,1.0,1.0
2024-11-07,0.6375688,0.80505705,0.89142036,1.0,1.0,1.0
2024-11-08,0.64900786,0.8114321,0.8938789,1.0,1.0,1.0
2024-11-09,0.6553182,0.8075987,0.89310867,1.0,1.0,1.0
2024-11-10,0.6601502,0.80831015,0.89913994,1.0,1.0,1.0
2024-11-11,0.6703173,0.80106455,0.90551066,1.0,1.0,1.0
2024-11-12,0.679272,0.7725224,0.8808508,1.0,1.0,1.0
2024-11-13,0.67427534,0.75980073,0.87708825,1.0,1.0,1.0
2024-11-14,0.6661022,0.731165,0.8482036,1.0,1.0,1.0
2024-11-15,0.66388345,0.71371967,0.84930253,1.0,1.0,1.0
2024-11-16,0.66289115,0.71266717,0.83558005,1.0,1.0,1.0
2024-11-17,0.654985,0.6949643,0.823715,1.0,1.0,1.0
2024-11-18,0.6578683,0.6846215,0.8140641,1.0,1.0,1.0
2024-11-19,0.6575821,0.6774446,0.8033949,1.0,1.0,1.0
2024-11-20,0.65341717,0.69295585,0.8061138,1.0,1.0,1.0
2024-11-21,0.6605756,0.7109139,0.8336024,1.0,1.0,1.0
2024-11-22,0.6664949,0.7219263,0.8319794,1.0,1.0,1.0
2024-11-23,0.5833351,0.7474761,0.8704665,1.0,1.0,0.0
2024-11-24,0.5839834,0.75153977,0.8696224,1.0,1.0,0.0
2024-11-25,0.5666244,0.7145293,0.8498813,1.0,1.0,0.0
2024-11-26,0.55684316,0.7203673,0.8507118,1.0,1.0,0.0
2024-11-27,0.55404556,0.73273075,0.8508306,1.0,1.0,0.0
2024-11-28,0.5537322,0.72366387,0.85034376,1.0,1.0,0.0
2024-11-29,0.55384636,0.7338286,0.85462254,1.0,1.0,0.0
2024-11-30,0.5579087,0.7384782,0.8586633,1.0,1.0,0.0
2024-12-01,0.56282586,0.75778973,0.86267745,1.0,1.0,0.0
2024-12-02,0.5673819,0.7621541,0.8661363,1.0,1.0,0.0
2024-12-03,0.5715634,0.77944577,0.875117,1.0,1.0,0.0
2024-12-04,0.5779801,0.7812316,0.8651091,1.0,1.0,1.0
2024-12-05,0.56467277,0.7778849,0.8613905,1.0,1.0,1.0
2024-12-06,0.558094,0.79346585,0.8687005,1.0,1.0,1.0
2024-12-07,0.55235755,0.7821062,0.86487055,1.0,1.0,1.0
2024-12-08,0.55546474,0.7898879,0.87134063,1.0,1.0,1.0
2024-12-09,0.5282286,0.6815234,0.79803395,1.0,0.0,1.0
2024-12-10,0.5185198,0.6644107,0.7724628,1.0,0.0,1.0
2024-12-11,0.51963556,0.69747955,0.7954386,1.0,0.0,1.0
2024-12-12,0.5168217,0.67623514,0.7793279,1.0,0.0,1.0
2024-12-13,0.51682866,0.68286926,0.7795744,1.0,0.0,1.0
2024-12-14,0.5163271,0.67616796,0.7718588,1.0,0.0,1.0
2024-12-15,0.51816386,0.69293207,0.7881419,1.0,0.0,1.0
2024-12-16,0.51351035,0.6790344,0.7700534,1.0,0.0,1.0
2024-12-17,0.4987358,0.6677629,0.7663402,1.0,0.0,1.0
2024-12-18,0.48043036,0.6021119,0.7212728,1.0,0.0,1.0
2024-12-19,0.45788965,0.54236954,0.6528889,1.0,0.0,1.0
2024-12-20,0.45006004,0.5410252,0.63977796,1.0,0.0,1.0
2024-12-21,0.43641606,0.5023567,0.5842529,1.0,0.0,1.0
2024-12-22,0.4283466,0.49040174,0.57114154,1.0,0.0,1.0
2024-12-23,0.4157872,0.4926645,0.5680364,1.0,0.0,1.0
2024-12-24,0.41388115,0.50181913,0.5693064,1.0,0.0,1.0
2024-12-25,0.42007548,0.51564896,0.5650393,1.0,0.0,1.0
2024-12-26,0.42209992,0.49894348,0.541299,1.0,0.0,1.0
2024-12-27,0.42445192,0.496817,0.53539246,1.0,0.0,1.0
2024-12-28,0.41970766,0.50084996,0.5522183,1.0,0.0,1.0
2024-12-29,0.4204412,0.49202067,0.5295511,1.0,0.0,1.0
2024-12-30,0.4189417,0.48648474,0.5220404,1.0,0.0,1.0
2024-12-31,0.42360228,0.4903091,0.51805377,1.0,0.0,1.0
2025-01-01,0.42504844,0.5036603,0.52165824,1.0,0.0,1.0
2025-01-02,0.41962364,0.5177149,0.5335801,1.0,0.0,1.0
2025-01-03,0.42375517,0.53081787,0.54581845,1.0,0.0,1.0
2025-01-04,0.42589518,0.52687544,0.5309639,1.0,0.0,1.0
2025-01-05,0.429976,0.5238721,0.52624387,1.0,0.0,1.0
2025-01-06,0.43229285,0.5464522,0.54724604,1.0,0.0,1.0
2025-01-07,0.42782435,0.4859629,0.4960284,1.0,0.0,1.0
2025-01-08,0.4370294,0.48470226,0.50026834,1.0,0.0,1.0
2025-01-09,0.4351428,0.46675903,0.47583336,1.0,0.0,1.0
2025-01-10,0.43500313,0.47755632,0.49143186,1.0,0.0,1.0
2025-01-11,0.4304047,0.47545508,0.48423862,1.0,0.0,1.0
2025-01-12,0.4308738,0.47524282,0.4810039,1.0,0.0,1.0
2025-01-13,0.43558106,0.467903,0.47078842,1.0,0.0,1.0
2025-01-14,0.4330987,0.4731268,0.4787879,1.0,0.0,1.0
2025-01-15,0.42938235,0.48457402,0.5086867,1.0,0.0,1.0
2025-01-16,0.43947437,0.48341948,0.5129956,1.0,0.0,1.0
2025-01-17,0.44867918,0.504846,0.5386383,1.0,0.0,1.0
2025-01-18,0.45112962,0.47910005,0.56573355,1.0,0.0,1.0
2025-01-19,0.46435848,0.45048717,0.5334851,1.0,0.0,0.0
2025-01-20,0.47567636,0.4582714,0.53994906,1.0,0.0,0.0
2025-01-21,0.48147446,0.48719573,0.5712267,1.0,0.0,0.0
2025-01-22,0.4844257,0.49099326,0.58123016,0.0,0.0,0.0
2025-01-23,0.48516035,0.5019028,0.5769146,0.0,0.0,0.0
2025-01-24,0.48391318,0.50601166,0.578776,0.0,0.0,0.0
2025-01-25,0.4863371,0.5147452,0.58985245,0.0,0.0,0.0
2025-01-26,0.4867986,0.49854642,0.5676777,0.0,0.0,0.0
2025-01-27,0.47999623,0.48809496,0.5529449,0.0,0.0,0.0
2025-01-28,0.47894946,0.4847419,0.5456923,0.0,0.0,0.0
2025-01-29,0.4760813,0.5096998,0.56358826,0.0,0.0,0.0
2025-01-30,0.47888207,0.54275197,0.6045816,0.0,0.0,0.0
2025-01-31,0.47677195,0.55330193,0.60842943,0.0,0.0,0.0
2025-02-01,0.46834302,0.5433978,0.57638925,0.0,0.0,0.0
2025-02-02,0.4540953,0.5075566,0.53508234,0.0,0.0,0.0
2025-02-03,0.4547445,0.53047323,0.5603406,0.0,0.0,0.0
2025-02-04,0.45130956,0.502047,0.5273322,0.0,0.0,0.0
2025-02-05,0.45650056,0.50625473,0.5183695,0.0,0.0,0.0
2025-02-06,0.4525882,0.5000581,0.5087643,0.0,0.0,0.0
2025-02-07,0.4466102,0.48557308,0.49232128,0.0,0.0,0.0
2025-02-08,0.45746127,0.50767666,0.517889,0.0,0.0,0.0
2025-02-09,0.4624398,0.51884806,0.5268784,0.0,0.0,0.0
2025-02-10,0.46648502,0.52834296,0.535995,0.0,0.0,0.0
2025-02-11,0.46528763,0.51787025,0.53057855,0.0,0.0,0.0
2025-02-12,0.47502968,0.53970486,0.54985714,0.0,0.0,0.0
2025-02-13,0.47004947,0.5271881,0.5414579,0.0,0.0,0.0
2025-02-14,0.4672807,0.53781325,0.5537005,0.0,0.0,0.0
2025-02-15,0.462677,0.5357732,0.5403543,0.0,0.0,0.0
2025-02-16,0.45293343,0.53193796,0.5280822,0.0,0.0,0.0
2025-02-17,0.45468828,0.5531409,0.5362773,0.0,0.0,0.0
2025-02-18,0.44844282,0.5623449,0.5435567,0.0,0.0,0.0
2025-02-19,0.44767246,0.5892674,0.5713196,0.0,0.0,0.0
2025-02-20,0.43576586,0.59701246,0.5829203,0.0,0.0,0.0
2025-02-21,0.4324813,0.5858497,0.5794558,0.0,0.0,0.0
2025-02-22,0.43277824,0.60173446,0.59587723,0.0,0.0,0.0
2025-02-23,0.43358397,0.6052475,0.59754634,0.0,0.0,0.0
2025-02-24,0.42325068,0.51363575,0.52027595,0.0,0.0,0.0
2025-02-25,0.41380367,0.47598162,0.5011941,0.0,0.0,0.0
2025-02-26,0.41380894,0.4543202,0.47867048,0.0,0.0,0.0
2025-02-27,0.41492414,0.44291648,0.4736798,0.0,0.0,0.0
2025-02-28,0.41808584,0.44678918,0.48819852,0.0,0.0,0.0
2025-03-01,0.42445725,0.4466279,0.47962326,0.0,0.0,0.0
2025-03-02,0.41586658,0.43960178,0.5537229,0.0,0.0,0.0
2025-03-03,0.42224577,0.41535252,0.5095451,0.0,0.0,0.0
2025-03-04,0.4244015,0.39962533,0.529699,0.0,0.0,0.0
2025-03-05,0.42296776,0.40678272,0.5452003,0.0,0.0,0.0
2025-03-06,0.42419514,0.41273242,0.54870874,0.0,0.0,0.0
2025-03-07,0.4275114,0.4018926,0.530486,0.0,0.0,0.0
2025-03-08,0.43240154,0.40872237,0.53597564,0.0,0.0,0.0
2025-03-09,0.43197298,0.40004593,0.51709545,0.0,0.0,0.0
2025-03-10,0.43278024,0.39007768,0.49036056,0.0,0.0,0.0
2025-03-11,0.43225944,0.41142502,0.5202711,0.0,0.0,0.0
2025-03-12,0.4299998,0.41187707,0.51365113,0.0,0.0,0.0
2025-03-13,0.43049374,0.4081116,0.5032079,0.0,0.0,0.0
2025-03-14,0.42820135,0.41445476,0.51581514,0.0,0.0,0.0
2025-03-15,0.43216166,0.42104647,0.51912004,0.0,0.0,0.0
2025-03-16,0.43768692,0.41983265,0.48740983,0.0,0.0,0.0
2025-03-17,0.44078717,0.44299853,0.48549187,0.0,0.0,0.0
2025-03-18,0.439844,0.44819233,0.47443604,0.0,0.0,0.0
2025-03-19,0.44236955,0.4663903,0.48946044,0.0,0.0,0.0
2025-03-20,0.44818324,0.4613182,0.48458347,0.0,0.0,0.0
2025-03-21,0.44907886,0.46116439,0.48554537,0.0,0.0,0.0
2025-03-22,0.44856447,0.46563148,0.4899628,0.0,0.0,0.0
2025-03-23,0.45230654,0.48791555,0.5091602,0.0,0.0,0.0
2025-03-24,0.45696086,0.5165036,0.54354715,0.0,0.0,0.0
2025-03-25,0.46021724,0.52945536,0.5639012,0.0,0.0,0.0
2025-03-26,0.47227144,0.54919875,0.5859528,0.0,0.0,0.0
2025-03-27,0.4845356,0.58254945,0.62809783,0.0,0.0,0.0
2025-03-28,0.48689505,0.57240194,0.62669975,0.0,0.0,0.0
2025-03-29,0.48814842,0.57604957,0.63635796,0.0,0.0,0.0
2025-03-30,0.4887615,0.5994416,0.66158164,0.0,0.0,0.0
2025-03-31,0.4901422,0.61239666,0.6764668,0.0,0.0,0.0
2025-04-01,0.48372465,0.6262502,0.6908447,0.0,0.0,0.0
2025-04-02,0.47571954,0.61448735,0.67973715,0.0,0.0,0.0
2025-04-03,0.47941068,0.635815,0.69705546,0.0,0.0,0.0
2025-04-04,0.4766922,0.646141,0.7150692,0.0,0.0,0.0
2025-04-05,0.4743922,0.64412427,0.71413016,0.0,0.0,0.0
2025-04-06,0.449392,0.55529976,0.638435,0.0,0.0,0.0
2025-04-07,0.45427045,0.55439925,0.62285626,0.0,0.0,0.0
2025-04-08,0.44972727,0.51736015,0.5840661,0.0,0.0,0.0
2025-04-09,0.4848375,0.5836588,0.65976006,0.0,0.0,0.0
2025-04-10,0.48391575,0.5387412,0.6374856,0.0,0.0,0.0
2025-04-11,0.5014602,0.57197964,0.67359376,0.0,0.0,0.0
2025-04-12,0.5238638,0.59707993,0.7120655,0.0,0.0,0.0
2025-04-13,0.52406347,0.57566315,0.70529664,0.0,0.0,0.0
2025-04-14,0.5290775,0.6046429,0.7295774,0.0,0.0,0.0
2025-04-15,0.533979,0.60294914,0.7310609,0.0,0.0,0.0
2025-04-16,0.5354084,0.6152043,0.7451569,0.0,0.0,0.0
2025-04-17,0.5410424,0.6254627,0.7562626,0.0,0.0,0.0
2025-04-18,0.5366309,0.6174912,0.75530887,0.0,0.0,0.0
2025-04-19,0.53925455,0.62799823,0.76641804,0.0,0.0,0.0
2025-04-20,0.5407487,0.6430351,0.772216,0.0,0.0,0.0
2025-04-21,0.54608625,0.6691164,0.7880737,0.0,0.0,0.0
2025-04-22,0.5584677,0.7305117,0.8348623,0.0,0.0,0.0
2025-04-23,0.56501174,0.74994826,0.8496826,0.0,0.0,0.0
2025-04-24,0.5623789,0.7635762,0.85770345,0.0,0.0,0.0
2025-04-25,0.56188554,0.77958214,0.8653399,0.0,0.0,0.0
2025-04-26,0.56140333,0.7929972,0.8718978,0.0,0.0,0.0
2025-04-27,0.564062,0.80529773,0.8779293,0.0,0.0,0.0
2025-04-28,0.5678513,0.82606125,0.88955325,0.0,0.0,0.0
2025-04-29,0.5726629,0.8310913,0.8926048,0.0,0.0,0.0
2025-04-30,0.5742562,0.83784163,0.8971407,0.0,0.0,0.0
2025-05-01,0.57532585,0.840706,0.8978807,0.0,0.0,0.0
2025-05-02,0.57683223,0.84287256,0.9009079,0.0,0.0,0.0
2025-05-03,0.57569057,0.8387027,0.89840615,0.0,0.0,0.0
2025-05-04,0.5729288,0.83623844,0.8984725,0.0,0.0,0.0
2025-05-05,0.5711031,0.83967847,0.90065914,0.0,0.0,0.0
2025-05-06,0.5708946,0.8508437,0.90339744,0.0,0.0,0.0
2025-05-07,0.5712188,0.84971565,0.90117854,0.0,0.0,0.0
2025-05-08,0.5794285,0.85555196,0.90947044,0.0,0.0,0.0
2025-05-09,0.57962865,0.8476524,0.9069193,0.0,0.0,0.0
2025-05-10,0.58436865,0.8488809,0.9056046,0.0,0.0,0.0
2025-05-11,0.5847334,0.8418954,0.9001475,0.0,0.0,0.0
2025-05-12,0.5819849,0.83992195,0.9006847,0.0,0.0,0.0
2025-05-13,0.5827567,0.84386927,0.9042717,0.0,0.0,0.0
2025-05-14,0.58410776,0.8348924,0.89926285,0.0,0.0,0.0
2025-05-15,0.5827616,0.8308178,0.8971302,0.0,0.0,0.0
2025-05-16,0.5789027,0.82749677,0.89736456,0.0,0.0,0.0
2025-05-17,0.57556045,0.82500064,0.89757764,0.0,0.0,0.0
2025-05-18,0.575613,0.8308368,0.90099996,0.0,0.0,0.0
2025-05-19,0.57599324,0.8234398,0.8996544,0.0,0.0,0.0
2025-05-20,0.57384086,0.8261182,0.90130824,0.0,0.0,0.0
2025-05-21,0.57123196,0.8300357,0.9043754,0.0,0.0,0.0
2025-05-22,0.5646763,0.8300893,0.90024024,0.0,0.0,0.0
2025-05-23,0.55876756,0.81550014,0.89454985,0.0,0.0,0.0
2025-05-24,0.55264115,0.82323223,0.8970774,0.0,0.0,0.0
2025-05-25,0.5518608,0.8253918,0.897703,0.0,0.0,0.0
2025-05-26,0.5458874,0.81696534,0.8908094,0.0,0.0,0.0
2025-05-27,0.5328823,0.80677176,0.87941265,0.0,0.0,0.0
2025-05-28,0.523491,0.7932906,0.8656362,0.0,0.0,0.0
2025-05-29,0.51841706,0.78366095,0.85599554,0.0,0.0,0.0
2025-05-30,0.5117277,0.7678159,0.83963084,0.0,0.0,0.0
2025-05-31,0.5059714,0.77216816,0.83674544,0.0,0.0,0.0
2025-06-01,0.50755036,0.7820744,0.8402533,0.0,0.0,0.0
2025-06-02,0.5071093,0.78432524,0.83738995,0.0,0.0,0.0
2025-06-03,0.50101066,0.77256644,0.82414514,0.0,0.0,0.0
2025-06-04,0.48900667,0.7556278,0.80739397,0.0,0.0,0.0
2025-06-05,0.4832727,0.72866863,0.7919806,0.0,0.0,0.0
2025-06-06,0.485026,0.7515552,0.7989309,0.0,0.0,0.0
2025-06-07,0.47851756,0.74854153,0.7988622,0.0,0.0,0.0
2025-06-08,0.46752372,0.73280823,0.78813434,0.0,0.0,0.0
2025-06-09,0.46932825,0.740775,0.7972493,0.0,0.0,0.0
2025-06-10,0.4676466,0.7293057,0.7948985,0.0,0.0,0.0
2025-06-11,0.45916617,0.6979586,0.7707597,0.0,0.0,0.0
2025-06-12,0.44197991,0.6417583,0.72121096,0.0,0.0,0.0
2025-06-13,0.43622562,0.6211343,0.68470746,0.0,0.0,0.0
2025-06-14,0.43335658,0.59979635,0.6531239,0.0,0.0,0.0
2025-06-15,0.43040636,0.5978384,0.6510739,0.0,0.0,0.0
2025-06-16,0.43723652,0.60035044,0.64464986,0.0,0.0,0.0
2025-06-17,0.42967832,0.57272327,0.61667675,0.0,0.0,0.0
2025-06-18,0.42834845,0.56349427,0.60516995,0.0,0.0,0.0
2025-06-19,0.42565155,0.5579225,0.5937292,0.0,0.0,0.0
2025-06-20,0.42251757,0.53454787,0.56217575,0.0,0.0,0.0
2025-06-21,0.4176743,0.51265615,0.5346593,0.0,0.0,0.0
2025-06-22,0.41509235,0.4937382,0.50802445,0.0,0.0,0.0
2025-06-23,0.4199403,0.5273623,0.5481684,0.0,0.0,0.0
2025-06-24,0.42050463,0.528786,0.54290074,0.0,0.0,0.0
2025-06-25,0.4226603,0.5200155,0.53058594,0.0,0.0,0.0
2025-06-26,0.4260085,0.5159739,0.5229783,0.0,0.0,0.0
2025-06-27,0.42470804,0.515891,0.52698225,0.0,0.0,0.0
2025-06-28,0.42829028,0.5294363,0.54891574,0.0,0.0,0.0
2025-06-29,0.4405314,0.54913026,0.5663697,0.0,0.0,0.0
2025-06-30,0.44759136,0.5609571,0.5834189,0.0,0.0,0.0
2025-07-01,0.44285944,0.5274913,0.54443663,0.0,0.0,0.0
2025-07-02,0.45067856,0.55248034,0.57379407,0.0,0.0,0.0
2025-07-03,0.45181325,0.550689,0.5747645,0.0,0.0,0.0
2025-07-04,0.4495204,0.53068376,0.55690795,0.0,0.0,0.0
2025-07-05,0.45595106,0.5420107,0.5663639,0.0,0.0,0.0
2025-07-06,0.4580853,0.5594342,0.5873622,0.0,0.0,0.0
2025-07-07,0.4551251,0.5586654,0.5805543,0.0,0.0,0.0
2025-07-08,0.4561072,0.57781476,0.598578,0.0,0.0,0.0
2025-07-09,0.4583016,0.60700756,0.6295877,0.0,0.0,0.0
2025-07-10,0.4647222,0.63445926,0.6607998,0.0,0.0,0.0
2025-07-11,0.46891,0.6376089,0.67186666,0.0,0.0,0.0
2025-07-12,0.47352666,0.637387,0.6784363,0.0,0.0,0.0
2025-07-13,0.48267648,0.6559554,0.6998366,0.0,0.0,0.0
2025-07-14,0.49201304,0.67590636,0.7274597,0.0,0.0,0.0
2025-07-15,0.49170113,0.6736826,0.7357862,0.0,0.0,0.0
2025-07-16,0.49934402,0.70180666,0.7671638,0.0,0.0,0.0
2025-07-17,0.5092091,0.72469515,0.78997064,0.0,0.0,0.0
2025-07-18,0.509849,0.72290206,0.7908991,0.0,0.0,0.0
2025-07-19,0.51257384,0.7370769,0.8017891,0.0,0.0,0.0
2025-07-20,0.5191898,0.7548279,0.8182871,0.0,0.0,0.0
2025-07-21,0.52397466,0.7697037,0.8331259,0.0,0.0,0.0
2025-07-22,0.5381128,0.791965,0.8522878,0.0,0.0,0.0
2025-07-23,0.5311751,0.749925,0.8395242,0.0,0.0,0.0
2025-07-24,0.51468986,0.7519712,0.8374392,0.0,0.0,0.0
2025-07-25,0.4986183,0.74622697,0.8320971,0.0,0.0,0.0
2025-07-26,0.49211776,0.7439267,0.8268164,0.0,0.0,0.0
2025-07-27,0.49197832,0.7534753,0.8334923,0.0,0.0,0.0
2025-07-28,0.47993955,0.7266055,0.81541824,0.0,0.0,0.0
2025-07-29,0.47128144,0.7199306,0.8066953,0.0,0.0,0.0
2025-07-30,0.46304026,0.7113798,0.79340726,0.0,0.0,0.0
2025-07-31,0.45731637,0.69144845,0.7761631,0.0,0.0,0.0
2025-08-01,0.44326174,0.64454174,0.73391896,0.0,0.0,0.0
2025-08-02,0.43670887,0.6225098,0.70750403,0.0,0.0,0.0
2025-08-03,0.44278365,0.6401252,0.7221196,0.0,0.0,0.0
2025-08-04,0.45063925,0.6563873,0.73777837,0.0,0.0,0.0
2025-08-05,0.44436252,0.6322295,0.7055349,0.0,0.0,0.0
2025-08-06,0.4525285,0.648371,0.7103466,0.0,0.0,0.0
2025-08-07,0.46331146,0.65643924,0.71576923,0.0,0.0,0.0
2025-08-08,0.4694349,0.66046786,0.72593,0.0,0.0,0.0
2025-08-09,0.4707377,0.6613621,0.723869,0.0,0.0,0.0
2025-08-10,0.47014487,0.6609352,0.72103745,0.0,0.0,0.0
2025-08-11,0.46804655,0.63615364,0.7025557,0.0,0.0,0.0
2025-08-12,0.46517682,0.62574327,0.7054769,0.0,0.0,0.0
2025-08-13,0.47499353,0.6265464,0.71971005,0.0,0.0,0.0
2025-08-14,0.47180754,0.5839548,0.69949704,0.0,0.0,0.0
